2026-04-11 10:45:01 [INFO] --- Started scheduled run. Sleeping for 24 seconds (Jitter) ---
2026-04-11 10:45:25 [INFO] Initializing browser...
2026-04-11 10:45:27 [INFO] patching driver executable /home/joao-martins/.local/share/undetected_chromedriver/undetected_chromedriver
2026-04-11 10:45:27 [INFO] 1. Navigating to Mobi.E map...
2026-04-11 10:45:44 [INFO] 2. Clicking 'Postos' tab...
2026-04-11 10:45:49 [INFO] 3. Clicking 'Limpar filtros'...
2026-04-11 10:45:54 [INFO] 3.5. Zooming out 2 times...
2026-04-11 10:45:58 [INFO] Waiting 10s for map bounds to completely stabilize...
2026-04-11 10:46:08 [INFO] 4. Clicking 'Filtrar'...
2026-04-11 10:46:08 [INFO] Waiting 20s for stations API request to finish...
2026-04-11 10:46:28 [INFO] Status API text: Foram encontrados 7505 postos e 15909 tomadas
2026-04-11 10:46:28 [INFO] 5. Looking for the Export button...
2026-04-11 10:46:28 [INFO] Found blob href. Executing direct JS fetch...
2026-04-11 10:46:28 [INFO] SUCCESS! Saved 20260411_094628Z.csv (3661.12 KB)
2026-04-11 10:46:28 [INFO] Browser successfully killed to free memory. Run complete.

2026-04-11 10:54:01 [INFO] --- Started scheduled run. Sleeping for 17 seconds (Jitter) ---
2026-04-11 10:54:18 [INFO] Initializing browser...
2026-04-11 10:54:19 [INFO] patching driver executable /home/joao-martins/.local/share/undetected_chromedriver/undetected_chromedriver
2026-04-11 10:54:19 [INFO] 1. Navigating to Mobi.E map...
2026-04-11 10:54:36 [INFO] 2. Clicking 'Postos' tab...
2026-04-11 10:54:41 [INFO] 3. Clicking 'Limpar filtros'...
2026-04-11 10:54:46 [INFO] 3.5. Zooming out 2 times...
2026-04-11 10:54:50 [INFO] Waiting 10s for map bounds to completely stabilize...
2026-04-11 10:55:00 [INFO] 4. Clicking 'Filtrar'...
2026-04-11 10:55:00 [INFO] Waiting 20s for stations API request to finish...
2026-04-11 10:55:20 [INFO] Status API text: Foram encontrados 0 postos e 0 tomadas
2026-04-11 10:55:20 [INFO] 5. Looking for the Export button...
2026-04-11 10:55:20 [ERROR] Failed to find or download via Export button.
2026-04-11 10:55:20 [INFO] Browser successfully killed to free memory. Run complete.

2026-04-11 11:00:01 [INFO] --- Started scheduled run. Sleeping for 51 seconds (Jitter) ---
2026-04-11 11:00:52 [INFO] Initializing browser...
2026-04-11 11:00:53 [INFO] patching driver executable /home/joao-martins/.local/share/undetected_chromedriver/undetected_chromedriver
2026-04-11 11:00:53 [INFO] 1. Navigating to Mobi.E map...
2026-04-11 11:01:10 [INFO] 2. Clicking 'Postos' tab...
2026-04-11 11:01:15 [INFO] 3. Clicking 'Limpar filtros'...
2026-04-11 11:01:20 [INFO] 3.5. Zooming out 2 times...
2026-04-11 11:01:24 [INFO] Waiting 10s for map bounds to completely stabilize...
2026-04-11 11:01:34 [INFO] 4. Clicking 'Filtrar'...
2026-04-11 11:01:34 [INFO] Waiting 20s for stations API request to finish...
2026-04-11 11:01:54 [INFO] Status API text: Foram encontrados 7503 postos e 15902 tomadas
2026-04-11 11:01:54 [INFO] 5. Looking for the Export button...
2026-04-11 11:01:54 [INFO] Found blob href. Executing direct JS fetch...
2026-04-11 11:01:55 [INFO] SUCCESS! Saved 20260411_100155Z.csv (3659.05 KB)
2026-04-11 11:01:55 [INFO] Browser successfully killed to free memory. Run complete.

2026-04-11 11:09:01 [INFO] --- Started scheduled run. Sleeping for 33 seconds (Jitter) ---
2026-04-11 11:09:34 [INFO] Initializing browser...
2026-04-11 11:09:35 [INFO] patching driver executable /home/joao-martins/.local/share/undetected_chromedriver/undetected_chromedriver
2026-04-11 11:09:35 [INFO] 1. Navigating to Mobi.E map...
2026-04-11 11:09:52 [INFO] 2. Clicking 'Postos' tab...
2026-04-11 11:09:57 [INFO] 3. Clicking 'Limpar filtros'...
2026-04-11 11:10:02 [INFO] 3.5. Zooming out 2 times...
2026-04-11 11:10:06 [INFO] Waiting 10s for map bounds to completely stabilize...
2026-04-11 11:10:16 [INFO] 4. Clicking 'Filtrar'...
2026-04-11 11:10:16 [INFO] Waiting 20s for stations API request to finish...
2026-04-11 11:10:36 [INFO] Status API text: Foram encontrados 0 postos e 0 tomadas
2026-04-11 11:10:36 [INFO] 5. Looking for the Export button...
2026-04-11 11:10:36 [ERROR] Failed to find or download via Export button.
2026-04-11 11:10:36 [INFO] Browser successfully killed to free memory. Run complete.

2026-04-11 11:18:01 [INFO] --- Started scheduled run. Sleeping for 56 seconds (Jitter) ---
2026-04-11 11:18:57 [INFO] Initializing browser...
2026-04-11 11:18:58 [INFO] patching driver executable /home/joao-martins/.local/share/undetected_chromedriver/undetected_chromedriver
2026-04-11 11:18:58 [INFO] 1. Navigating to Mobi.E map...
2026-04-11 11:19:15 [INFO] 2. Clicking 'Postos' tab...
2026-04-11 11:19:20 [INFO] 3. Clicking 'Limpar filtros'...
2026-04-11 11:19:25 [INFO] 3.5. Zooming out 2 times...
2026-04-11 11:19:29 [INFO] Waiting 10s for map bounds to completely stabilize...
2026-04-11 11:19:39 [INFO] 4. Clicking 'Filtrar'...
2026-04-11 11:19:39 [INFO] Waiting 20s for stations API request to finish...
2026-04-11 11:19:59 [INFO] Status API text: Foram encontrados 0 postos e 0 tomadas
2026-04-11 11:19:59 [INFO] 5. Looking for the Export button...
2026-04-11 11:19:59 [ERROR] Failed to find or download via Export button.
2026-04-11 11:19:59 [INFO] Browser successfully killed to free memory. Run complete.

2026-04-11 11:27:02 [INFO] --- Started scheduled run. Sleeping for 35 seconds (Jitter) ---
2026-04-11 11:27:37 [INFO] Initializing browser...
2026-04-11 11:27:37 [INFO] patching driver executable /home/joao-martins/.local/share/undetected_chromedriver/undetected_chromedriver
2026-04-11 11:27:37 [INFO] 1. Navigating to Mobi.E map...
2026-04-11 11:27:54 [INFO] 2. Clicking 'Postos' tab...
2026-04-11 11:27:59 [INFO] 3. Clicking 'Limpar filtros'...
2026-04-11 11:28:04 [INFO] 3.5. Zooming out 2 times...
2026-04-11 11:28:08 [INFO] Waiting 10s for map bounds to completely stabilize...
2026-04-11 11:28:18 [INFO] 4. Clicking 'Filtrar'...
2026-04-11 11:28:18 [INFO] Waiting 20s for stations API request to finish...
2026-04-11 11:28:38 [INFO] Status API text: Foram encontrados 0 postos e 0 tomadas
2026-04-11 11:28:38 [INFO] 5. Looking for the Export button...
2026-04-11 11:28:38 [ERROR] Failed to find or download via Export button.
2026-04-11 11:28:38 [INFO] Browser successfully killed to free memory. Run complete.

2026-04-11 11:36:01 [INFO] --- Started scheduled run. Sleeping for 14 seconds (Jitter) ---
2026-04-11 11:36:15 [INFO] Initializing browser...
2026-04-11 11:36:16 [INFO] patching driver executable /home/joao-martins/.local/share/undetected_chromedriver/undetected_chromedriver
2026-04-11 11:36:16 [INFO] 1. Navigating to Mobi.E map...
2026-04-11 11:36:33 [INFO] 2. Clicking 'Postos' tab...
2026-04-11 11:36:38 [INFO] 3. Clicking 'Limpar filtros'...
2026-04-11 11:36:43 [INFO] 3.5. Zooming out 2 times...
2026-04-11 11:36:47 [INFO] Waiting 10s for map bounds to completely stabilize...
2026-04-11 11:36:57 [INFO] 4. Clicking 'Filtrar'...
2026-04-11 11:36:57 [INFO] Waiting 20s for stations API request to finish...
2026-04-11 11:37:17 [INFO] Status API text: Foram encontrados 7499 postos e 15892 tomadas
2026-04-11 11:37:17 [INFO] 5. Looking for the Export button...
2026-04-11 11:37:17 [INFO] Found blob href. Executing direct JS fetch...
2026-04-11 11:37:18 [INFO] SUCCESS! Saved 20260411_103718Z.csv (3655.18 KB)
2026-04-11 11:37:18 [INFO] Browser successfully killed to free memory. Run complete.

2026-04-11 11:45:01 [INFO] --- Started scheduled run. Sleeping for 18 seconds (Jitter) ---
2026-04-11 11:45:19 [INFO] Initializing browser...
2026-04-11 11:45:20 [INFO] patching driver executable /home/joao-martins/.local/share/undetected_chromedriver/undetected_chromedriver
2026-04-11 11:45:20 [INFO] 1. Navigating to Mobi.E map...
2026-04-11 11:45:37 [INFO] 2. Clicking 'Postos' tab...
2026-04-11 11:45:43 [INFO] 3. Clicking 'Limpar filtros'...
2026-04-11 11:45:48 [INFO] 3.5. Zooming out 2 times...
2026-04-11 11:45:52 [INFO] Waiting 10s for map bounds to completely stabilize...
2026-04-11 11:46:02 [INFO] 4. Clicking 'Filtrar'...
2026-04-11 11:46:02 [INFO] Waiting 20s for stations API request to finish...
2026-04-11 11:46:22 [INFO] Status API text: Foram encontrados 0 postos e 0 tomadas
2026-04-11 11:46:22 [INFO] 5. Looking for the Export button...
2026-04-11 11:46:22 [ERROR] Failed to find or download via Export button.
2026-04-11 11:46:22 [INFO] Browser successfully killed to free memory. Run complete.

2026-04-11 11:54:01 [INFO] --- Started scheduled run. Sleeping for 4 seconds (Jitter) ---
2026-04-11 11:54:05 [INFO] Initializing browser...
2026-04-11 11:54:06 [INFO] patching driver executable /home/joao-martins/.local/share/undetected_chromedriver/undetected_chromedriver
2026-04-11 11:54:06 [INFO] 1. Navigating to Mobi.E map...
2026-04-11 11:54:23 [INFO] 2. Clicking 'Postos' tab...
2026-04-11 11:54:28 [INFO] 3. Clicking 'Limpar filtros'...
2026-04-11 11:54:33 [INFO] 3.5. Zooming out 2 times...
2026-04-11 11:54:38 [INFO] Waiting 10s for map bounds to completely stabilize...
2026-04-11 11:54:48 [INFO] 4. Clicking 'Filtrar'...
2026-04-11 11:54:48 [INFO] Waiting 20s for stations API request to finish...
2026-04-11 11:55:08 [INFO] Status API text: Foram encontrados 0 postos e 0 tomadas
2026-04-11 11:55:08 [INFO] 5. Looking for the Export button...
2026-04-11 11:55:08 [ERROR] Failed to find or download via Export button.
2026-04-11 11:55:08 [INFO] Browser successfully killed to free memory. Run complete.

2026-04-11 12:00:01 [INFO] --- Started scheduled run. Sleeping for 44 seconds (Jitter) ---
2026-04-11 12:00:45 [INFO] Initializing browser...
2026-04-11 12:00:46 [INFO] patching driver executable /home/joao-martins/.local/share/undetected_chromedriver/undetected_chromedriver
2026-04-11 12:00:46 [INFO] 1. Navigating to Mobi.E map...
2026-04-11 12:01:03 [INFO] 2. Clicking 'Postos' tab...
2026-04-11 12:01:08 [INFO] 3. Clicking 'Limpar filtros'...
2026-04-11 12:01:13 [INFO] 3.5. Zooming out 2 times...
2026-04-11 12:01:17 [INFO] Waiting 10s for map bounds to completely stabilize...
2026-04-11 12:01:27 [INFO] 4. Clicking 'Filtrar'...
2026-04-11 12:01:27 [INFO] Waiting 20s for stations API request to finish...
2026-04-11 12:01:47 [INFO] Status API text: Foram encontrados 0 postos e 0 tomadas
2026-04-11 12:01:47 [INFO] 5. Looking for the Export button...
2026-04-11 12:01:48 [ERROR] Failed to find or download via Export button.
2026-04-11 12:01:48 [INFO] Browser successfully killed to free memory. Run complete.

2026-04-11 12:09:01 [INFO] --- Started scheduled run. Sleeping for 36 seconds (Jitter) ---
2026-04-11 12:09:37 [INFO] Initializing browser...
2026-04-11 12:09:38 [INFO] patching driver executable /home/joao-martins/.local/share/undetected_chromedriver/undetected_chromedriver
2026-04-11 12:09:38 [INFO] 1. Navigating to Mobi.E map...
2026-04-11 12:09:55 [INFO] 2. Clicking 'Postos' tab...
2026-04-11 12:10:00 [INFO] 3. Clicking 'Limpar filtros'...
2026-04-11 12:10:06 [INFO] 3.5. Zooming out 2 times...
2026-04-11 12:10:10 [INFO] Waiting 10s for map bounds to completely stabilize...
2026-04-11 12:10:20 [INFO] 4. Clicking 'Filtrar'...
2026-04-11 12:10:20 [INFO] Waiting 20s for stations API request to finish...
2026-04-11 12:10:40 [INFO] Status API text: Foram encontrados 7503 postos e 15902 tomadas
2026-04-11 12:10:40 [INFO] 5. Looking for the Export button...
2026-04-11 12:10:40 [INFO] Found blob href. Executing direct JS fetch...
2026-04-11 12:10:40 [INFO] SUCCESS! Saved 20260411_111040Z.csv (3656.95 KB)
2026-04-11 12:10:40 [INFO] Browser successfully killed to free memory. Run complete.

2026-04-11 12:18:02 [INFO] --- Started scheduled run. Sleeping for 57 seconds (Jitter) ---
2026-04-11 12:18:59 [INFO] Initializing browser...
2026-04-11 12:18:59 [INFO] patching driver executable /home/joao-martins/.local/share/undetected_chromedriver/undetected_chromedriver
2026-04-11 12:19:00 [INFO] 1. Navigating to Mobi.E map...
2026-04-11 12:19:17 [INFO] 2. Clicking 'Postos' tab...
2026-04-11 12:19:22 [INFO] 3. Clicking 'Limpar filtros'...
2026-04-11 12:19:27 [INFO] 3.5. Zooming out 2 times...
2026-04-11 12:19:31 [INFO] Waiting 10s for map bounds to completely stabilize...
2026-04-11 12:19:41 [INFO] 4. Clicking 'Filtrar'...
2026-04-11 12:19:41 [INFO] Waiting 20s for stations API request to finish...
2026-04-11 12:20:01 [INFO] Status API text: Foram encontrados 7508 postos e 15916 tomadas
2026-04-11 12:20:01 [INFO] 5. Looking for the Export button...
2026-04-11 12:20:01 [INFO] Found blob href. Executing direct JS fetch...
2026-04-11 12:20:01 [INFO] SUCCESS! Saved 20260411_112001Z.csv (3660.04 KB)
2026-04-11 12:20:01 [INFO] Browser successfully killed to free memory. Run complete.

2026-04-11 12:27:01 [INFO] --- Started scheduled run. Sleeping for 50 seconds (Jitter) ---
2026-04-11 12:27:51 [INFO] Initializing browser...
2026-04-11 12:27:52 [INFO] patching driver executable /home/joao-martins/.local/share/undetected_chromedriver/undetected_chromedriver
2026-04-11 12:27:52 [INFO] 1. Navigating to Mobi.E map...
2026-04-11 12:28:09 [INFO] 2. Clicking 'Postos' tab...
2026-04-11 12:28:14 [INFO] 3. Clicking 'Limpar filtros'...
2026-04-11 12:28:19 [INFO] 3.5. Zooming out 2 times...
2026-04-11 12:28:23 [INFO] Waiting 10s for map bounds to completely stabilize...
2026-04-11 12:28:33 [INFO] 4. Clicking 'Filtrar'...
2026-04-11 12:28:33 [INFO] Waiting 20s for stations API request to finish...
2026-04-11 12:28:53 [INFO] Status API text: Foram encontrados 0 postos e 0 tomadas
2026-04-11 12:28:53 [INFO] 5. Looking for the Export button...
2026-04-11 12:28:53 [ERROR] Failed to find or download via Export button.
2026-04-11 12:28:53 [INFO] Browser successfully killed to free memory. Run complete.

2026-04-11 12:36:01 [INFO] --- Started scheduled run. Sleeping for 32 seconds (Jitter) ---
2026-04-11 12:36:33 [INFO] Initializing browser...
2026-04-11 12:36:34 [INFO] patching driver executable /home/joao-martins/.local/share/undetected_chromedriver/undetected_chromedriver
2026-04-11 12:36:34 [INFO] 1. Navigating to Mobi.E map...
2026-04-11 12:36:51 [INFO] 2. Clicking 'Postos' tab...
2026-04-11 12:36:56 [INFO] 3. Clicking 'Limpar filtros'...
2026-04-11 12:37:01 [INFO] 3.5. Zooming out 2 times...
2026-04-11 12:37:05 [INFO] Waiting 10s for map bounds to completely stabilize...
2026-04-11 12:37:15 [INFO] 4. Clicking 'Filtrar'...
2026-04-11 12:37:15 [INFO] Waiting 20s for stations API request to finish...
2026-04-11 12:37:35 [INFO] Status API text: Foram encontrados 0 postos e 0 tomadas
2026-04-11 12:37:35 [INFO] 5. Looking for the Export button...
2026-04-11 12:37:35 [ERROR] Failed to find or download via Export button.
2026-04-11 12:37:35 [INFO] Browser successfully killed to free memory. Run complete.

2026-04-11 12:45:01 [INFO] --- Started scheduled run. Sleeping for 49 seconds (Jitter) ---
2026-04-11 12:45:51 [INFO] Initializing browser...
2026-04-11 12:45:51 [INFO] patching driver executable /home/joao-martins/.local/share/undetected_chromedriver/undetected_chromedriver
2026-04-11 12:45:51 [INFO] 1. Navigating to Mobi.E map...
2026-04-11 12:46:08 [INFO] 2. Clicking 'Postos' tab...
2026-04-11 12:46:13 [INFO] 3. Clicking 'Limpar filtros'...
2026-04-11 12:46:18 [INFO] 3.5. Zooming out 2 times...
2026-04-11 12:46:22 [INFO] Waiting 10s for map bounds to completely stabilize...
2026-04-11 12:46:32 [INFO] 4. Clicking 'Filtrar'...
2026-04-11 12:46:32 [INFO] Waiting 20s for stations API request to finish...
2026-04-11 12:46:52 [INFO] Status API text: Foram encontrados 0 postos e 0 tomadas
2026-04-11 12:46:52 [INFO] 5. Looking for the Export button...
2026-04-11 12:46:52 [ERROR] Failed to find or download via Export button.
2026-04-11 12:46:52 [INFO] Browser successfully killed to free memory. Run complete.

2026-04-11 12:54:01 [INFO] --- Started scheduled run. Sleeping for 11 seconds (Jitter) ---
2026-04-11 12:54:12 [INFO] Initializing browser...
2026-04-11 12:54:13 [INFO] patching driver executable /home/joao-martins/.local/share/undetected_chromedriver/undetected_chromedriver
2026-04-11 12:54:13 [INFO] 1. Navigating to Mobi.E map...
2026-04-11 12:54:30 [INFO] 2. Clicking 'Postos' tab...
2026-04-11 12:54:35 [INFO] 3. Clicking 'Limpar filtros'...
2026-04-11 12:54:40 [INFO] 3.5. Zooming out 2 times...
2026-04-11 12:54:44 [INFO] Waiting 10s for map bounds to completely stabilize...
2026-04-11 12:54:54 [INFO] 4. Clicking 'Filtrar'...
2026-04-11 12:54:54 [INFO] Waiting 20s for stations API request to finish...
2026-04-11 12:55:14 [INFO] Status API text: Foram encontrados 0 postos e 0 tomadas
2026-04-11 12:55:14 [INFO] 5. Looking for the Export button...
2026-04-11 12:55:14 [ERROR] Failed to find or download via Export button.
2026-04-11 12:55:14 [INFO] Browser successfully killed to free memory. Run complete.

2026-04-11 13:00:01 [INFO] --- Started scheduled run. Sleeping for 15 seconds (Jitter) ---
2026-04-11 13:00:16 [INFO] Initializing browser...
2026-04-11 13:00:17 [INFO] patching driver executable /home/joao-martins/.local/share/undetected_chromedriver/undetected_chromedriver
2026-04-11 13:00:17 [INFO] 1. Navigating to Mobi.E map...
2026-04-11 13:00:34 [INFO] 2. Clicking 'Postos' tab...
2026-04-11 13:00:39 [INFO] 3. Clicking 'Limpar filtros'...
2026-04-11 13:00:44 [INFO] 3.5. Zooming out 2 times...
2026-04-11 13:00:48 [INFO] Waiting 10s for map bounds to completely stabilize...
2026-04-11 13:00:58 [INFO] 4. Clicking 'Filtrar'...
2026-04-11 13:00:58 [INFO] Waiting 20s for stations API request to finish...
2026-04-11 13:01:18 [INFO] Status API text: Foram encontrados 0 postos e 0 tomadas
2026-04-11 13:01:18 [INFO] 5. Looking for the Export button...
2026-04-11 13:01:18 [ERROR] Failed to find or download via Export button.
2026-04-11 13:01:18 [INFO] Browser successfully killed to free memory. Run complete.

2026-04-11 13:09:01 [INFO] --- Started scheduled run. Sleeping for 31 seconds (Jitter) ---
2026-04-11 13:09:32 [INFO] Initializing browser...
2026-04-11 13:09:32 [INFO] patching driver executable /home/joao-martins/.local/share/undetected_chromedriver/undetected_chromedriver
2026-04-11 13:09:33 [INFO] 1. Navigating to Mobi.E map...
2026-04-11 13:09:50 [INFO] 2. Clicking 'Postos' tab...
2026-04-11 13:09:55 [INFO] 3. Clicking 'Limpar filtros'...
2026-04-11 13:10:00 [INFO] 3.5. Zooming out 2 times...
2026-04-11 13:10:04 [INFO] Waiting 10s for map bounds to completely stabilize...
2026-04-11 13:10:14 [INFO] 4. Clicking 'Filtrar'...
2026-04-11 13:10:14 [INFO] Waiting 20s for stations API request to finish...
2026-04-11 13:10:34 [INFO] Status API text: Foram encontrados 0 postos e 0 tomadas
2026-04-11 13:10:34 [INFO] 5. Looking for the Export button...
2026-04-11 13:10:34 [ERROR] Failed to find or download via Export button.
2026-04-11 13:10:34 [INFO] Browser successfully killed to free memory. Run complete.

2026-04-11 13:18:01 [INFO] --- Started scheduled run. Sleeping for 6 seconds (Jitter) ---
2026-04-11 13:18:07 [INFO] Initializing browser...
2026-04-11 13:18:08 [INFO] patching driver executable /home/joao-martins/.local/share/undetected_chromedriver/undetected_chromedriver
2026-04-11 13:18:08 [INFO] 1. Navigating to Mobi.E map...
2026-04-11 13:18:26 [INFO] 2. Clicking 'Postos' tab...
2026-04-11 13:18:31 [INFO] 3. Clicking 'Limpar filtros'...
2026-04-11 13:18:36 [INFO] 3.5. Zooming out 2 times...
2026-04-11 13:18:40 [INFO] Waiting 10s for map bounds to completely stabilize...
2026-04-11 13:18:50 [INFO] 4. Clicking 'Filtrar'...
2026-04-11 13:18:50 [INFO] Waiting 20s for stations API request to finish...
2026-04-11 13:19:10 [INFO] Status API text: Foram encontrados 0 postos e 0 tomadas
2026-04-11 13:19:10 [INFO] 5. Looking for the Export button...
2026-04-11 13:19:10 [ERROR] Failed to find or download via Export button.
2026-04-11 13:19:10 [INFO] Browser successfully killed to free memory. Run complete.

2026-04-11 13:27:01 [INFO] --- Started scheduled run. Sleeping for 44 seconds (Jitter) ---
2026-04-11 13:27:45 [INFO] Initializing browser...
2026-04-11 13:27:46 [INFO] patching driver executable /home/joao-martins/.local/share/undetected_chromedriver/undetected_chromedriver
2026-04-11 13:27:47 [INFO] 1. Navigating to Mobi.E map...
2026-04-11 13:28:04 [INFO] 2. Clicking 'Postos' tab...
2026-04-11 13:28:09 [INFO] 3. Clicking 'Limpar filtros'...
2026-04-11 13:28:14 [INFO] 3.5. Zooming out 2 times...
2026-04-11 13:28:18 [INFO] Waiting 10s for map bounds to completely stabilize...
2026-04-11 13:28:28 [INFO] 4. Clicking 'Filtrar'...
2026-04-11 13:28:28 [INFO] Waiting 20s for stations API request to finish...
2026-04-11 13:28:48 [INFO] Status API text: Foram encontrados 0 postos e 0 tomadas
2026-04-11 13:28:48 [INFO] 5. Looking for the Export button...
2026-04-11 13:28:48 [ERROR] Failed to find or download via Export button.
2026-04-11 13:28:48 [INFO] Browser successfully killed to free memory. Run complete.

2026-04-11 13:36:01 [INFO] --- Started scheduled run. Sleeping for 23 seconds (Jitter) ---
2026-04-11 13:36:24 [INFO] Initializing browser...
2026-04-11 13:36:25 [INFO] patching driver executable /home/joao-martins/.local/share/undetected_chromedriver/undetected_chromedriver
2026-04-11 13:36:26 [INFO] 1. Navigating to Mobi.E map...
2026-04-11 13:36:42 [INFO] 2. Clicking 'Postos' tab...
2026-04-11 13:36:47 [INFO] 3. Clicking 'Limpar filtros'...
2026-04-11 13:36:52 [INFO] 3.5. Zooming out 2 times...
2026-04-11 13:36:56 [INFO] Waiting 10s for map bounds to completely stabilize...
2026-04-11 13:37:06 [INFO] 4. Clicking 'Filtrar'...
2026-04-11 13:37:06 [INFO] Waiting 20s for stations API request to finish...
2026-04-11 13:37:26 [INFO] Status API text: Foram encontrados 0 postos e 0 tomadas
2026-04-11 13:37:26 [INFO] 5. Looking for the Export button...
2026-04-11 13:37:26 [ERROR] Failed to find or download via Export button.
2026-04-11 13:37:26 [INFO] Browser successfully killed to free memory. Run complete.

2026-04-11 13:45:01 [INFO] --- Started scheduled run. Sleeping for 20 seconds (Jitter) ---
2026-04-11 13:45:21 [INFO] Initializing browser...
2026-04-11 13:45:22 [INFO] patching driver executable /home/joao-martins/.local/share/undetected_chromedriver/undetected_chromedriver
2026-04-11 13:45:22 [INFO] 1. Navigating to Mobi.E map...
2026-04-11 13:45:39 [INFO] 2. Clicking 'Postos' tab...
2026-04-11 13:45:44 [INFO] 3. Clicking 'Limpar filtros'...
2026-04-11 13:45:49 [INFO] 3.5. Zooming out 2 times...
2026-04-11 13:45:53 [INFO] Waiting 10s for map bounds to completely stabilize...
2026-04-11 13:46:03 [INFO] 4. Clicking 'Filtrar'...
2026-04-11 13:46:03 [INFO] Waiting 20s for stations API request to finish...
2026-04-11 13:46:23 [INFO] Status API text: Foram encontrados 0 postos e 0 tomadas
2026-04-11 13:46:23 [INFO] 5. Looking for the Export button...
2026-04-11 13:46:23 [ERROR] Failed to find or download via Export button.
2026-04-11 13:46:23 [INFO] Browser successfully killed to free memory. Run complete.

2026-04-11 13:54:01 [INFO] --- Started scheduled run. Sleeping for 55 seconds (Jitter) ---
2026-04-11 13:54:56 [INFO] Initializing browser...
2026-04-11 13:54:57 [INFO] patching driver executable /home/joao-martins/.local/share/undetected_chromedriver/undetected_chromedriver
2026-04-11 13:54:57 [INFO] 1. Navigating to Mobi.E map...
2026-04-11 13:55:14 [INFO] 2. Clicking 'Postos' tab...
2026-04-11 13:55:19 [INFO] 3. Clicking 'Limpar filtros'...
2026-04-11 13:55:24 [INFO] 3.5. Zooming out 2 times...
2026-04-11 13:55:28 [INFO] Waiting 10s for map bounds to completely stabilize...
2026-04-11 13:55:38 [INFO] 4. Clicking 'Filtrar'...
2026-04-11 13:55:38 [INFO] Waiting 20s for stations API request to finish...
2026-04-11 13:55:58 [INFO] Status API text: Foram encontrados 0 postos e 0 tomadas
2026-04-11 13:55:58 [INFO] 5. Looking for the Export button...
2026-04-11 13:55:58 [ERROR] Failed to find or download via Export button.
2026-04-11 13:55:58 [INFO] Browser successfully killed to free memory. Run complete.

2026-04-11 14:00:01 [INFO] --- Started scheduled run. Sleeping for 18 seconds (Jitter) ---
2026-04-11 14:00:19 [INFO] Initializing browser...
2026-04-11 14:00:19 [INFO] patching driver executable /home/joao-martins/.local/share/undetected_chromedriver/undetected_chromedriver
2026-04-11 14:00:20 [INFO] 1. Navigating to Mobi.E map...
2026-04-11 14:00:36 [INFO] 2. Clicking 'Postos' tab...
2026-04-11 14:00:41 [INFO] 3. Clicking 'Limpar filtros'...
2026-04-11 14:00:47 [INFO] 3.5. Zooming out 2 times...
2026-04-11 14:00:51 [INFO] Waiting 10s for map bounds to completely stabilize...
2026-04-11 14:01:01 [INFO] 4. Clicking 'Filtrar'...
2026-04-11 14:01:01 [INFO] Waiting 20s for stations API request to finish...
2026-04-11 14:01:21 [INFO] Status API text: Foram encontrados 7505 postos e 15907 tomadas
2026-04-11 14:01:21 [INFO] 5. Looking for the Export button...
2026-04-11 14:01:21 [INFO] Found blob href. Executing direct JS fetch...
2026-04-11 14:01:21 [INFO] SUCCESS! Saved 20260411_130121Z.csv (3657.56 KB)
2026-04-11 14:01:21 [INFO] Browser successfully killed to free memory. Run complete.

2026-04-11 14:09:01 [INFO] --- Started scheduled run. Sleeping for 52 seconds (Jitter) ---
2026-04-11 14:09:53 [INFO] Initializing browser...
2026-04-11 14:09:53 [INFO] patching driver executable /home/joao-martins/.local/share/undetected_chromedriver/undetected_chromedriver
2026-04-11 14:09:54 [INFO] 1. Navigating to Mobi.E map...
2026-04-11 14:10:11 [INFO] 2. Clicking 'Postos' tab...
2026-04-11 14:10:16 [INFO] 3. Clicking 'Limpar filtros'...
2026-04-11 14:10:21 [INFO] 3.5. Zooming out 2 times...
2026-04-11 14:10:25 [INFO] Waiting 10s for map bounds to completely stabilize...
2026-04-11 14:10:35 [INFO] 4. Clicking 'Filtrar'...
2026-04-11 14:10:35 [INFO] Waiting 20s for stations API request to finish...
2026-04-11 14:10:55 [INFO] Status API text: Foram encontrados 7504 postos e 15905 tomadas
2026-04-11 14:10:55 [INFO] 5. Looking for the Export button...
2026-04-11 14:10:55 [INFO] Found blob href. Executing direct JS fetch...
2026-04-11 14:10:55 [INFO] SUCCESS! Saved 20260411_131055Z.csv (3657.32 KB)
2026-04-11 14:10:55 [INFO] Browser successfully killed to free memory. Run complete.

2026-04-11 14:18:01 [INFO] --- Started scheduled run. Sleeping for 43 seconds (Jitter) ---
2026-04-11 14:18:44 [INFO] Initializing browser...
2026-04-11 14:18:45 [INFO] patching driver executable /home/joao-martins/.local/share/undetected_chromedriver/undetected_chromedriver
2026-04-11 14:18:45 [INFO] 1. Navigating to Mobi.E map...
2026-04-11 14:19:02 [INFO] 2. Clicking 'Postos' tab...
2026-04-11 14:19:07 [INFO] 3. Clicking 'Limpar filtros'...
2026-04-11 14:19:12 [INFO] 3.5. Zooming out 2 times...
2026-04-11 14:19:16 [INFO] Waiting 10s for map bounds to completely stabilize...
2026-04-11 14:19:26 [INFO] 4. Clicking 'Filtrar'...
2026-04-11 14:19:26 [INFO] Waiting 20s for stations API request to finish...
2026-04-11 14:19:46 [INFO] Status API text: Foram encontrados 0 postos e 0 tomadas
2026-04-11 14:19:46 [INFO] 5. Looking for the Export button...
2026-04-11 14:19:46 [ERROR] Failed to find or download via Export button.
2026-04-11 14:19:46 [INFO] Browser successfully killed to free memory. Run complete.

2026-04-11 14:27:01 [INFO] --- Started scheduled run. Sleeping for 33 seconds (Jitter) ---
2026-04-11 14:27:34 [INFO] Initializing browser...
2026-04-11 14:27:34 [INFO] patching driver executable /home/joao-martins/.local/share/undetected_chromedriver/undetected_chromedriver
2026-04-11 14:27:35 [INFO] 1. Navigating to Mobi.E map...
2026-04-11 14:27:52 [INFO] 2. Clicking 'Postos' tab...
2026-04-11 14:27:57 [INFO] 3. Clicking 'Limpar filtros'...
2026-04-11 14:28:02 [INFO] 3.5. Zooming out 2 times...
2026-04-11 14:28:06 [INFO] Waiting 10s for map bounds to completely stabilize...
2026-04-11 14:28:16 [INFO] 4. Clicking 'Filtrar'...
2026-04-11 14:28:16 [INFO] Waiting 20s for stations API request to finish...
2026-04-11 14:28:36 [INFO] Status API text: Foram encontrados 0 postos e 0 tomadas
2026-04-11 14:28:36 [INFO] 5. Looking for the Export button...
2026-04-11 14:28:36 [ERROR] Failed to find or download via Export button.
2026-04-11 14:28:36 [INFO] Browser successfully killed to free memory. Run complete.

2026-04-11 14:36:02 [INFO] --- Started scheduled run. Sleeping for 49 seconds (Jitter) ---
2026-04-11 14:36:51 [INFO] Initializing browser...
2026-04-11 14:36:52 [INFO] patching driver executable /home/joao-martins/.local/share/undetected_chromedriver/undetected_chromedriver
2026-04-11 14:36:52 [INFO] 1. Navigating to Mobi.E map...
2026-04-11 14:37:09 [INFO] 2. Clicking 'Postos' tab...
2026-04-11 14:37:14 [INFO] 3. Clicking 'Limpar filtros'...
2026-04-11 14:37:19 [INFO] 3.5. Zooming out 2 times...
2026-04-11 14:37:23 [INFO] Waiting 10s for map bounds to completely stabilize...
2026-04-11 14:37:33 [INFO] 4. Clicking 'Filtrar'...
2026-04-11 14:37:33 [INFO] Waiting 20s for stations API request to finish...
2026-04-11 14:37:53 [INFO] Status API text: Foram encontrados 7503 postos e 15899 tomadas
2026-04-11 14:37:53 [INFO] 5. Looking for the Export button...
2026-04-11 14:37:54 [INFO] Found blob href. Executing direct JS fetch...
2026-04-11 14:37:54 [INFO] SUCCESS! Saved 20260411_133754Z.csv (3655.65 KB)
2026-04-11 14:37:54 [INFO] Browser successfully killed to free memory. Run complete.

2026-04-11 14:45:01 [INFO] --- Started scheduled run. Sleeping for 35 seconds (Jitter) ---
2026-04-11 14:45:36 [INFO] Initializing browser...
2026-04-11 14:45:38 [INFO] patching driver executable /home/joao-martins/.local/share/undetected_chromedriver/undetected_chromedriver
2026-04-11 14:45:38 [INFO] 1. Navigating to Mobi.E map...
2026-04-11 14:45:55 [INFO] 2. Clicking 'Postos' tab...
2026-04-11 14:46:00 [INFO] 3. Clicking 'Limpar filtros'...
2026-04-11 14:46:05 [INFO] 3.5. Zooming out 2 times...
2026-04-11 14:46:09 [INFO] Waiting 10s for map bounds to completely stabilize...
2026-04-11 14:46:19 [INFO] 4. Clicking 'Filtrar'...
2026-04-11 14:46:19 [INFO] Waiting 20s for stations API request to finish...
2026-04-11 14:46:39 [INFO] Status API text: Foram encontrados 0 postos e 0 tomadas
2026-04-11 14:46:39 [INFO] 5. Looking for the Export button...
2026-04-11 14:46:39 [ERROR] Failed to find or download via Export button.
2026-04-11 14:46:39 [INFO] Browser successfully killed to free memory. Run complete.

2026-04-11 14:54:01 [INFO] --- Started scheduled run. Sleeping for 14 seconds (Jitter) ---
2026-04-11 14:54:15 [INFO] Initializing browser...
2026-04-11 14:54:16 [INFO] patching driver executable /home/joao-martins/.local/share/undetected_chromedriver/undetected_chromedriver
2026-04-11 14:54:16 [INFO] 1. Navigating to Mobi.E map...
2026-04-11 14:54:33 [INFO] 2. Clicking 'Postos' tab...
2026-04-11 14:54:38 [INFO] 3. Clicking 'Limpar filtros'...
2026-04-11 14:54:43 [INFO] 3.5. Zooming out 2 times...
2026-04-11 14:54:47 [INFO] Waiting 10s for map bounds to completely stabilize...
2026-04-11 14:54:57 [INFO] 4. Clicking 'Filtrar'...
2026-04-11 14:54:57 [INFO] Waiting 20s for stations API request to finish...
2026-04-11 14:55:17 [INFO] Status API text: Foram encontrados 7504 postos e 15902 tomadas
2026-04-11 14:55:17 [INFO] 5. Looking for the Export button...
2026-04-11 14:55:17 [INFO] Found blob href. Executing direct JS fetch...
2026-04-11 14:55:17 [INFO] SUCCESS! Saved 20260411_135517Z.csv (3656.80 KB)
2026-04-11 14:55:17 [INFO] Browser successfully killed to free memory. Run complete.

2026-04-11 15:00:01 [INFO] --- Started scheduled run. Sleeping for 31 seconds (Jitter) ---
2026-04-11 15:00:32 [INFO] Initializing browser...
2026-04-11 15:00:33 [INFO] patching driver executable /home/joao-martins/.local/share/undetected_chromedriver/undetected_chromedriver
2026-04-11 15:00:33 [INFO] 1. Navigating to Mobi.E map...
2026-04-11 15:00:51 [INFO] 2. Clicking 'Postos' tab...
2026-04-11 15:00:56 [INFO] 3. Clicking 'Limpar filtros'...
2026-04-11 15:01:01 [INFO] 3.5. Zooming out 2 times...
2026-04-11 15:01:05 [INFO] Waiting 10s for map bounds to completely stabilize...
2026-04-11 15:01:15 [INFO] 4. Clicking 'Filtrar'...
2026-04-11 15:01:15 [INFO] Waiting 20s for stations API request to finish...
2026-04-11 15:01:35 [INFO] Status API text: Foram encontrados 7500 postos e 15893 tomadas
2026-04-11 15:01:35 [INFO] 5. Looking for the Export button...
2026-04-11 15:01:35 [INFO] Found blob href. Executing direct JS fetch...
2026-04-11 15:01:36 [INFO] SUCCESS! Saved 20260411_140136Z.csv (3654.85 KB)
2026-04-11 15:01:36 [INFO] Browser successfully killed to free memory. Run complete.

2026-04-11 15:09:01 [INFO] --- Started scheduled run. Sleeping for 19 seconds (Jitter) ---
2026-04-11 15:09:20 [INFO] Initializing browser...
2026-04-11 15:09:22 [INFO] patching driver executable /home/joao-martins/.local/share/undetected_chromedriver/undetected_chromedriver
2026-04-11 15:09:22 [INFO] 1. Navigating to Mobi.E map...
2026-04-11 15:09:40 [INFO] 2. Clicking 'Postos' tab...
2026-04-11 15:09:45 [INFO] 3. Clicking 'Limpar filtros'...
2026-04-11 15:09:50 [INFO] 3.5. Zooming out 2 times...
2026-04-11 15:09:54 [INFO] Waiting 10s for map bounds to completely stabilize...
2026-04-11 15:10:04 [INFO] 4. Clicking 'Filtrar'...
2026-04-11 15:10:04 [INFO] Waiting 20s for stations API request to finish...
2026-04-11 15:10:24 [INFO] Status API text: Foram encontrados 7500 postos e 15893 tomadas
2026-04-11 15:10:24 [INFO] 5. Looking for the Export button...
2026-04-11 15:10:24 [INFO] Found blob href. Executing direct JS fetch...
2026-04-11 15:10:24 [INFO] SUCCESS! Saved 20260411_141024Z.csv (3655.28 KB)
2026-04-11 15:10:24 [INFO] Browser successfully killed to free memory. Run complete.

2026-04-11 15:18:01 [INFO] --- Started scheduled run. Sleeping for 48 seconds (Jitter) ---
2026-04-11 15:18:49 [INFO] Initializing browser...
2026-04-11 15:18:51 [INFO] patching driver executable /home/joao-martins/.local/share/undetected_chromedriver/undetected_chromedriver
2026-04-11 15:18:51 [INFO] 1. Navigating to Mobi.E map...
2026-04-11 15:19:09 [INFO] 2. Clicking 'Postos' tab...
2026-04-11 15:19:14 [INFO] 3. Clicking 'Limpar filtros'...
2026-04-11 15:19:19 [INFO] 3.5. Zooming out 2 times...
2026-04-11 15:19:23 [INFO] Waiting 10s for map bounds to completely stabilize...
2026-04-11 15:19:33 [INFO] 4. Clicking 'Filtrar'...
2026-04-11 15:19:33 [INFO] Waiting 20s for stations API request to finish...
2026-04-11 15:19:53 [INFO] Status API text: Foram encontrados 7497 postos e 15885 tomadas
2026-04-11 15:19:53 [INFO] 5. Looking for the Export button...
2026-04-11 15:19:53 [INFO] Found blob href. Executing direct JS fetch...
2026-04-11 15:19:53 [INFO] SUCCESS! Saved 20260411_141953Z.csv (3653.15 KB)
2026-04-11 15:19:53 [INFO] Browser successfully killed to free memory. Run complete.

2026-04-11 15:27:01 [INFO] --- Started scheduled run. Sleeping for 24 seconds (Jitter) ---
2026-04-11 15:27:25 [INFO] Initializing browser...
2026-04-11 15:27:27 [INFO] patching driver executable /home/joao-martins/.local/share/undetected_chromedriver/undetected_chromedriver
2026-04-11 15:27:27 [INFO] 1. Navigating to Mobi.E map...
2026-04-11 15:27:44 [INFO] 2. Clicking 'Postos' tab...
2026-04-11 15:27:49 [INFO] 3. Clicking 'Limpar filtros'...
2026-04-11 15:27:54 [INFO] 3.5. Zooming out 2 times...
2026-04-11 15:27:58 [INFO] Waiting 10s for map bounds to completely stabilize...
2026-04-11 15:28:08 [INFO] 4. Clicking 'Filtrar'...
2026-04-11 15:28:08 [INFO] Waiting 20s for stations API request to finish...
2026-04-11 15:28:28 [INFO] Status API text: Foram encontrados 0 postos e 0 tomadas
2026-04-11 15:28:28 [INFO] 5. Looking for the Export button...
2026-04-11 15:28:28 [ERROR] Failed to find or download via Export button.
2026-04-11 15:28:28 [INFO] Browser successfully killed to free memory. Run complete.

2026-04-11 15:36:01 [INFO] --- Started scheduled run. Sleeping for 5 seconds (Jitter) ---
2026-04-11 15:36:06 [INFO] Initializing browser...
2026-04-11 15:36:08 [INFO] patching driver executable /home/joao-martins/.local/share/undetected_chromedriver/undetected_chromedriver
2026-04-11 15:36:08 [INFO] 1. Navigating to Mobi.E map...
2026-04-11 15:36:26 [INFO] 2. Clicking 'Postos' tab...
2026-04-11 15:36:31 [INFO] 3. Clicking 'Limpar filtros'...
2026-04-11 15:36:36 [INFO] 3.5. Zooming out 2 times...
2026-04-11 15:36:40 [INFO] Waiting 10s for map bounds to completely stabilize...
2026-04-11 15:36:50 [INFO] 4. Clicking 'Filtrar'...
2026-04-11 15:36:50 [INFO] Waiting 20s for stations API request to finish...
2026-04-11 15:37:10 [INFO] Status API text: Foram encontrados 0 postos e 0 tomadas
2026-04-11 15:37:10 [INFO] 5. Looking for the Export button...
2026-04-11 15:37:10 [ERROR] Failed to find or download via Export button.
2026-04-11 15:37:10 [INFO] Browser successfully killed to free memory. Run complete.

2026-04-11 15:45:02 [INFO] --- Started scheduled run. Sleeping for 52 seconds (Jitter) ---
2026-04-11 15:45:54 [INFO] Initializing browser...
2026-04-11 15:45:55 [INFO] patching driver executable /home/joao-martins/.local/share/undetected_chromedriver/undetected_chromedriver
2026-04-11 15:45:56 [INFO] 1. Navigating to Mobi.E map...
2026-04-11 15:46:14 [INFO] 2. Clicking 'Postos' tab...
2026-04-11 15:46:19 [INFO] 3. Clicking 'Limpar filtros'...
2026-04-11 15:46:24 [INFO] 3.5. Zooming out 2 times...
2026-04-11 15:46:28 [INFO] Waiting 10s for map bounds to completely stabilize...
2026-04-11 15:46:38 [INFO] 4. Clicking 'Filtrar'...
2026-04-11 15:46:38 [INFO] Waiting 20s for stations API request to finish...
2026-04-11 15:46:58 [INFO] Status API text: Foram encontrados 0 postos e 0 tomadas
2026-04-11 15:46:58 [INFO] 5. Looking for the Export button...
2026-04-11 15:46:58 [ERROR] Failed to find or download via Export button.
2026-04-11 15:46:58 [INFO] Browser successfully killed to free memory. Run complete.

2026-04-11 15:54:01 [INFO] --- Started scheduled run. Sleeping for 35 seconds (Jitter) ---
2026-04-11 15:54:36 [INFO] Initializing browser...
2026-04-11 15:54:39 [INFO] patching driver executable /home/joao-martins/.local/share/undetected_chromedriver/undetected_chromedriver
2026-04-11 15:54:39 [INFO] 1. Navigating to Mobi.E map...
2026-04-11 15:54:56 [INFO] 2. Clicking 'Postos' tab...
2026-04-11 15:55:01 [INFO] 3. Clicking 'Limpar filtros'...
2026-04-11 15:55:06 [INFO] 3.5. Zooming out 2 times...
2026-04-11 15:55:10 [INFO] Waiting 10s for map bounds to completely stabilize...
2026-04-11 15:55:20 [INFO] 4. Clicking 'Filtrar'...
2026-04-11 15:55:20 [INFO] Waiting 20s for stations API request to finish...
2026-04-11 15:55:40 [INFO] Status API text: Foram encontrados 0 postos e 0 tomadas
2026-04-11 15:55:40 [INFO] 5. Looking for the Export button...
2026-04-11 15:55:40 [ERROR] Failed to find or download via Export button.
2026-04-11 15:55:40 [INFO] Browser successfully killed to free memory. Run complete.

2026-04-11 16:00:01 [INFO] --- Started scheduled run. Sleeping for 30 seconds (Jitter) ---
2026-04-11 16:00:31 [INFO] Initializing browser...
2026-04-11 16:00:33 [INFO] patching driver executable /home/joao-martins/.local/share/undetected_chromedriver/undetected_chromedriver
2026-04-11 16:00:33 [INFO] 1. Navigating to Mobi.E map...
2026-04-11 16:00:51 [INFO] 2. Clicking 'Postos' tab...
2026-04-11 16:00:56 [INFO] 3. Clicking 'Limpar filtros'...
2026-04-11 16:01:01 [INFO] 3.5. Zooming out 2 times...
2026-04-11 16:01:05 [INFO] Waiting 10s for map bounds to completely stabilize...
2026-04-11 16:01:15 [INFO] 4. Clicking 'Filtrar'...
2026-04-11 16:01:15 [INFO] Waiting 20s for stations API request to finish...
2026-04-11 16:01:35 [INFO] Status API text: Foram encontrados 7499 postos e 15895 tomadas
2026-04-11 16:01:35 [INFO] 5. Looking for the Export button...
2026-04-11 16:01:35 [INFO] Found blob href. Executing direct JS fetch...
2026-04-11 16:01:36 [INFO] SUCCESS! Saved 20260411_150136Z.csv (3655.00 KB)
2026-04-11 16:01:36 [INFO] Browser successfully killed to free memory. Run complete.

2026-04-11 16:09:01 [INFO] --- Started scheduled run. Sleeping for 28 seconds (Jitter) ---
2026-04-11 16:09:29 [INFO] Initializing browser...
2026-04-11 16:09:31 [INFO] patching driver executable /home/joao-martins/.local/share/undetected_chromedriver/undetected_chromedriver
2026-04-11 16:09:32 [INFO] 1. Navigating to Mobi.E map...
2026-04-11 16:09:49 [INFO] 2. Clicking 'Postos' tab...
2026-04-11 16:09:54 [INFO] 3. Clicking 'Limpar filtros'...
2026-04-11 16:09:59 [INFO] 3.5. Zooming out 2 times...
2026-04-11 16:10:03 [INFO] Waiting 10s for map bounds to completely stabilize...
2026-04-11 16:10:13 [INFO] 4. Clicking 'Filtrar'...
2026-04-11 16:10:13 [INFO] Waiting 20s for stations API request to finish...
2026-04-11 16:10:33 [INFO] Status API text: Foram encontrados 0 postos e 0 tomadas
2026-04-11 16:10:33 [INFO] 5. Looking for the Export button...
2026-04-11 16:10:33 [ERROR] Failed to find or download via Export button.
2026-04-11 16:10:33 [INFO] Browser successfully killed to free memory. Run complete.

2026-04-11 16:18:02 [INFO] --- Started scheduled run. Sleeping for 41 seconds (Jitter) ---
2026-04-11 16:18:43 [INFO] Initializing browser...
2026-04-11 16:18:45 [INFO] patching driver executable /home/joao-martins/.local/share/undetected_chromedriver/undetected_chromedriver
2026-04-11 16:18:45 [INFO] 1. Navigating to Mobi.E map...
2026-04-11 16:19:02 [INFO] 2. Clicking 'Postos' tab...
2026-04-11 16:19:07 [INFO] 3. Clicking 'Limpar filtros'...
2026-04-11 16:19:12 [INFO] 3.5. Zooming out 2 times...
2026-04-11 16:19:16 [INFO] Waiting 10s for map bounds to completely stabilize...
2026-04-11 16:19:26 [INFO] 4. Clicking 'Filtrar'...
2026-04-11 16:19:26 [INFO] Waiting 20s for stations API request to finish...
2026-04-11 16:19:46 [INFO] Status API text: Foram encontrados 0 postos e 0 tomadas
2026-04-11 16:19:46 [INFO] 5. Looking for the Export button...
2026-04-11 16:19:46 [ERROR] Failed to find or download via Export button.
2026-04-11 16:19:46 [INFO] Browser successfully killed to free memory. Run complete.

2026-04-11 16:27:01 [INFO] --- Started scheduled run. Sleeping for 47 seconds (Jitter) ---
2026-04-11 16:27:48 [INFO] Initializing browser...
2026-04-11 16:27:50 [INFO] patching driver executable /home/joao-martins/.local/share/undetected_chromedriver/undetected_chromedriver
2026-04-11 16:27:50 [INFO] 1. Navigating to Mobi.E map...
2026-04-11 16:28:07 [INFO] 2. Clicking 'Postos' tab...
2026-04-11 16:28:12 [INFO] 3. Clicking 'Limpar filtros'...
2026-04-11 16:28:17 [INFO] 3.5. Zooming out 2 times...
2026-04-11 16:28:21 [INFO] Waiting 10s for map bounds to completely stabilize...
2026-04-11 16:28:31 [INFO] 4. Clicking 'Filtrar'...
2026-04-11 16:28:31 [INFO] Waiting 20s for stations API request to finish...
2026-04-11 16:28:51 [INFO] Status API text: Foram encontrados 7498 postos e 15891 tomadas
2026-04-11 16:28:51 [INFO] 5. Looking for the Export button...
2026-04-11 16:28:52 [INFO] Found blob href. Executing direct JS fetch...
2026-04-11 16:28:52 [INFO] SUCCESS! Saved 20260411_152852Z.csv (3653.22 KB)
2026-04-11 16:28:52 [INFO] Browser successfully killed to free memory. Run complete.

2026-04-11 16:36:01 [INFO] --- Started scheduled run. Sleeping for 55 seconds (Jitter) ---
2026-04-11 16:36:56 [INFO] Initializing browser...
2026-04-11 16:36:58 [INFO] patching driver executable /home/joao-martins/.local/share/undetected_chromedriver/undetected_chromedriver
2026-04-11 16:36:59 [INFO] 1. Navigating to Mobi.E map...
2026-04-11 16:37:16 [INFO] 2. Clicking 'Postos' tab...
2026-04-11 16:37:21 [INFO] 3. Clicking 'Limpar filtros'...
2026-04-11 16:37:26 [INFO] 3.5. Zooming out 2 times...
2026-04-11 16:37:30 [INFO] Waiting 10s for map bounds to completely stabilize...
2026-04-11 16:37:40 [INFO] 4. Clicking 'Filtrar'...
2026-04-11 16:37:40 [INFO] Waiting 20s for stations API request to finish...
2026-04-11 16:38:00 [INFO] Status API text: Foram encontrados 7503 postos e 15905 tomadas
2026-04-11 16:38:00 [INFO] 5. Looking for the Export button...
2026-04-11 16:38:01 [INFO] Found blob href. Executing direct JS fetch...
2026-04-11 16:38:01 [INFO] SUCCESS! Saved 20260411_153801Z.csv (3656.28 KB)
2026-04-11 16:38:01 [INFO] Browser successfully killed to free memory. Run complete.

2026-04-11 16:45:01 [INFO] --- Started scheduled run. Sleeping for 4 seconds (Jitter) ---
2026-04-11 16:45:05 [INFO] Initializing browser...
2026-04-11 16:45:07 [INFO] patching driver executable /home/joao-martins/.local/share/undetected_chromedriver/undetected_chromedriver
2026-04-11 16:45:08 [INFO] 1. Navigating to Mobi.E map...
2026-04-11 16:45:25 [INFO] 2. Clicking 'Postos' tab...
2026-04-11 16:45:30 [INFO] 3. Clicking 'Limpar filtros'...
2026-04-11 16:45:35 [INFO] 3.5. Zooming out 2 times...
2026-04-11 16:45:39 [INFO] Waiting 10s for map bounds to completely stabilize...
2026-04-11 16:45:49 [INFO] 4. Clicking 'Filtrar'...
2026-04-11 16:45:49 [INFO] Waiting 20s for stations API request to finish...
2026-04-11 16:46:09 [INFO] Status API text: Foram encontrados 7500 postos e 15898 tomadas
2026-04-11 16:46:09 [INFO] 5. Looking for the Export button...
2026-04-11 16:46:09 [INFO] Found blob href. Executing direct JS fetch...
2026-04-11 16:46:09 [INFO] SUCCESS! Saved 20260411_154609Z.csv (3654.70 KB)
2026-04-11 16:46:09 [INFO] Browser successfully killed to free memory. Run complete.

2026-04-11 16:54:01 [INFO] --- Started scheduled run. Sleeping for 10 seconds (Jitter) ---
2026-04-11 16:54:11 [INFO] Initializing browser...
2026-04-11 16:54:13 [INFO] patching driver executable /home/joao-martins/.local/share/undetected_chromedriver/undetected_chromedriver
2026-04-11 16:54:13 [INFO] 1. Navigating to Mobi.E map...
2026-04-11 16:54:30 [INFO] 2. Clicking 'Postos' tab...
2026-04-11 16:54:36 [INFO] 3. Clicking 'Limpar filtros'...
2026-04-11 16:54:41 [INFO] 3.5. Zooming out 2 times...
2026-04-11 16:54:45 [INFO] Waiting 10s for map bounds to completely stabilize...
2026-04-11 16:54:55 [INFO] 4. Clicking 'Filtrar'...
2026-04-11 16:54:55 [INFO] Waiting 20s for stations API request to finish...
2026-04-11 16:55:15 [INFO] Status API text: Foram encontrados 7498 postos e 15896 tomadas
2026-04-11 16:55:15 [INFO] 5. Looking for the Export button...
2026-04-11 16:55:15 [INFO] Found blob href. Executing direct JS fetch...
2026-04-11 16:55:15 [INFO] SUCCESS! Saved 20260411_155515Z.csv (3654.59 KB)
2026-04-11 16:55:15 [INFO] Browser successfully killed to free memory. Run complete.

2026-04-11 17:00:01 [INFO] --- Started scheduled run. Sleeping for 46 seconds (Jitter) ---
2026-04-11 17:00:47 [INFO] Initializing browser...
2026-04-11 17:00:49 [INFO] patching driver executable /home/joao-martins/.local/share/undetected_chromedriver/undetected_chromedriver
2026-04-11 17:00:49 [INFO] 1. Navigating to Mobi.E map...
2026-04-11 17:01:06 [INFO] 2. Clicking 'Postos' tab...
2026-04-11 17:01:12 [INFO] 3. Clicking 'Limpar filtros'...
2026-04-11 17:01:17 [INFO] 3.5. Zooming out 2 times...
2026-04-11 17:01:21 [INFO] Waiting 10s for map bounds to completely stabilize...
2026-04-11 17:01:31 [INFO] 4. Clicking 'Filtrar'...
2026-04-11 17:01:31 [INFO] Waiting 20s for stations API request to finish...
2026-04-11 17:01:51 [INFO] Status API text: Foram encontrados 0 postos e 0 tomadas
2026-04-11 17:01:51 [INFO] 5. Looking for the Export button...
2026-04-11 17:01:51 [ERROR] Failed to find or download via Export button.
2026-04-11 17:01:51 [INFO] Browser successfully killed to free memory. Run complete.

2026-04-11 17:09:01 [INFO] --- Started scheduled run. Sleeping for 16 seconds (Jitter) ---
2026-04-11 17:09:17 [INFO] Initializing browser...
2026-04-11 17:09:19 [INFO] patching driver executable /home/joao-martins/.local/share/undetected_chromedriver/undetected_chromedriver
2026-04-11 17:09:20 [INFO] 1. Navigating to Mobi.E map...
2026-04-11 17:09:38 [INFO] 2. Clicking 'Postos' tab...
2026-04-11 17:09:43 [INFO] 3. Clicking 'Limpar filtros'...
2026-04-11 17:09:48 [INFO] 3.5. Zooming out 2 times...
2026-04-11 17:09:52 [INFO] Waiting 10s for map bounds to completely stabilize...
2026-04-11 17:10:02 [INFO] 4. Clicking 'Filtrar'...
2026-04-11 17:10:02 [INFO] Waiting 20s for stations API request to finish...
2026-04-11 17:10:22 [INFO] Status API text: Foram encontrados 0 postos e 0 tomadas
2026-04-11 17:10:22 [INFO] 5. Looking for the Export button...
2026-04-11 17:10:22 [ERROR] Failed to find or download via Export button.
2026-04-11 17:10:22 [INFO] Browser successfully killed to free memory. Run complete.

2026-04-11 17:18:01 [INFO] --- Started scheduled run. Sleeping for 21 seconds (Jitter) ---
2026-04-11 17:18:22 [INFO] Initializing browser...
2026-04-11 17:18:25 [INFO] patching driver executable /home/joao-martins/.local/share/undetected_chromedriver/undetected_chromedriver
2026-04-11 17:18:25 [INFO] 1. Navigating to Mobi.E map...
2026-04-11 17:18:43 [INFO] 2. Clicking 'Postos' tab...
2026-04-11 17:18:48 [INFO] 3. Clicking 'Limpar filtros'...
2026-04-11 17:18:53 [INFO] 3.5. Zooming out 2 times...
2026-04-11 17:18:57 [INFO] Waiting 10s for map bounds to completely stabilize...
2026-04-11 17:19:07 [INFO] 4. Clicking 'Filtrar'...
2026-04-11 17:19:07 [INFO] Waiting 20s for stations API request to finish...
2026-04-11 17:19:27 [INFO] Status API text: Foram encontrados 7502 postos e 15900 tomadas
2026-04-11 17:19:27 [INFO] 5. Looking for the Export button...
2026-04-11 17:19:27 [INFO] Found blob href. Executing direct JS fetch...
2026-04-11 17:19:27 [INFO] SUCCESS! Saved 20260411_161927Z.csv (3655.85 KB)
2026-04-11 17:19:27 [INFO] Browser successfully killed to free memory. Run complete.

2026-04-11 17:27:01 [INFO] --- Started scheduled run. Sleeping for 29 seconds (Jitter) ---
2026-04-11 17:27:30 [INFO] Initializing browser...
2026-04-11 17:27:32 [INFO] patching driver executable /home/joao-martins/.local/share/undetected_chromedriver/undetected_chromedriver
2026-04-11 17:27:33 [INFO] 1. Navigating to Mobi.E map...
2026-04-11 17:27:50 [INFO] 2. Clicking 'Postos' tab...
2026-04-11 17:27:55 [INFO] 3. Clicking 'Limpar filtros'...
2026-04-11 17:28:01 [INFO] 3.5. Zooming out 2 times...
2026-04-11 17:28:05 [INFO] Waiting 10s for map bounds to completely stabilize...
2026-04-11 17:28:15 [INFO] 4. Clicking 'Filtrar'...
2026-04-11 17:28:15 [INFO] Waiting 20s for stations API request to finish...
2026-04-11 17:28:35 [INFO] Status API text: Foram encontrados 7498 postos e 15892 tomadas
2026-04-11 17:28:35 [INFO] 5. Looking for the Export button...
2026-04-11 17:28:35 [INFO] Found blob href. Executing direct JS fetch...
2026-04-11 17:28:35 [INFO] SUCCESS! Saved 20260411_162835Z.csv (3654.10 KB)
2026-04-11 17:28:35 [INFO] Browser successfully killed to free memory. Run complete.

2026-04-11 17:36:02 [INFO] --- Started scheduled run. Sleeping for 36 seconds (Jitter) ---
2026-04-11 17:36:38 [INFO] Initializing browser...
2026-04-11 17:36:39 [INFO] patching driver executable /home/joao-martins/.local/share/undetected_chromedriver/undetected_chromedriver
2026-04-11 17:36:40 [INFO] 1. Navigating to Mobi.E map...
2026-04-11 17:36:57 [INFO] 2. Clicking 'Postos' tab...
2026-04-11 17:37:02 [INFO] 3. Clicking 'Limpar filtros'...
2026-04-11 17:37:07 [INFO] 3.5. Zooming out 2 times...
2026-04-11 17:37:11 [INFO] Waiting 10s for map bounds to completely stabilize...
2026-04-11 17:37:21 [INFO] 4. Clicking 'Filtrar'...
2026-04-11 17:37:21 [INFO] Waiting 20s for stations API request to finish...
2026-04-11 17:37:41 [INFO] Status API text: Foram encontrados 0 postos e 0 tomadas
2026-04-11 17:37:41 [INFO] 5. Looking for the Export button...
2026-04-11 17:37:41 [ERROR] Failed to find or download via Export button.
2026-04-11 17:37:41 [INFO] Browser successfully killed to free memory. Run complete.

2026-04-11 17:45:01 [INFO] --- Started scheduled run. Sleeping for 27 seconds (Jitter) ---
2026-04-11 17:45:28 [INFO] Initializing browser...
2026-04-11 17:45:30 [INFO] patching driver executable /home/joao-martins/.local/share/undetected_chromedriver/undetected_chromedriver
2026-04-11 17:45:31 [INFO] 1. Navigating to Mobi.E map...
2026-04-11 17:45:48 [INFO] 2. Clicking 'Postos' tab...
2026-04-11 17:45:53 [INFO] 3. Clicking 'Limpar filtros'...
2026-04-11 17:45:58 [INFO] 3.5. Zooming out 2 times...
2026-04-11 17:46:02 [INFO] Waiting 10s for map bounds to completely stabilize...
2026-04-11 17:46:12 [INFO] 4. Clicking 'Filtrar'...
2026-04-11 17:46:12 [INFO] Waiting 20s for stations API request to finish...
2026-04-11 17:46:32 [INFO] Status API text: Foram encontrados 0 postos e 0 tomadas
2026-04-11 17:46:32 [INFO] 5. Looking for the Export button...
2026-04-11 17:46:32 [ERROR] Failed to find or download via Export button.
2026-04-11 17:46:32 [INFO] Browser successfully killed to free memory. Run complete.

2026-04-11 17:54:01 [INFO] --- Started scheduled run. Sleeping for 38 seconds (Jitter) ---
2026-04-11 17:54:39 [INFO] Initializing browser...
2026-04-11 17:54:41 [INFO] patching driver executable /home/joao-martins/.local/share/undetected_chromedriver/undetected_chromedriver
2026-04-11 17:54:42 [INFO] 1. Navigating to Mobi.E map...
2026-04-11 17:54:59 [INFO] 2. Clicking 'Postos' tab...
2026-04-11 17:55:04 [INFO] 3. Clicking 'Limpar filtros'...
2026-04-11 17:55:09 [INFO] 3.5. Zooming out 2 times...
2026-04-11 17:55:13 [INFO] Waiting 10s for map bounds to completely stabilize...
2026-04-11 17:55:23 [INFO] 4. Clicking 'Filtrar'...
2026-04-11 17:55:23 [INFO] Waiting 20s for stations API request to finish...
2026-04-11 17:55:43 [INFO] Status API text: Foram encontrados 0 postos e 0 tomadas
2026-04-11 17:55:43 [INFO] 5. Looking for the Export button...
2026-04-11 17:55:43 [ERROR] Failed to find or download via Export button.
2026-04-11 17:55:43 [INFO] Browser successfully killed to free memory. Run complete.

2026-04-11 18:00:01 [INFO] --- Started scheduled run. Sleeping for 41 seconds (Jitter) ---
2026-04-11 18:00:42 [INFO] Initializing browser...
2026-04-11 18:00:44 [INFO] patching driver executable /home/joao-martins/.local/share/undetected_chromedriver/undetected_chromedriver
2026-04-11 18:00:44 [INFO] 1. Navigating to Mobi.E map...
2026-04-11 18:01:01 [INFO] 2. Clicking 'Postos' tab...
2026-04-11 18:01:06 [INFO] 3. Clicking 'Limpar filtros'...
2026-04-11 18:01:11 [INFO] 3.5. Zooming out 2 times...
2026-04-11 18:01:15 [INFO] Waiting 10s for map bounds to completely stabilize...
2026-04-11 18:01:25 [INFO] 4. Clicking 'Filtrar'...
2026-04-11 18:01:25 [INFO] Waiting 20s for stations API request to finish...
2026-04-11 18:01:45 [INFO] Status API text: Foram encontrados 0 postos e 0 tomadas
2026-04-11 18:01:45 [INFO] 5. Looking for the Export button...
2026-04-11 18:01:45 [ERROR] Failed to find or download via Export button.
2026-04-11 18:01:45 [INFO] Browser successfully killed to free memory. Run complete.

2026-04-11 18:09:01 [INFO] --- Started scheduled run. Sleeping for 34 seconds (Jitter) ---
2026-04-11 18:09:35 [INFO] Initializing browser...
2026-04-11 18:09:37 [INFO] patching driver executable /home/joao-martins/.local/share/undetected_chromedriver/undetected_chromedriver
2026-04-11 18:09:37 [INFO] 1. Navigating to Mobi.E map...
2026-04-11 18:09:54 [INFO] 2. Clicking 'Postos' tab...
2026-04-11 18:10:00 [INFO] 3. Clicking 'Limpar filtros'...
2026-04-11 18:10:05 [INFO] 3.5. Zooming out 2 times...
2026-04-11 18:10:09 [INFO] Waiting 10s for map bounds to completely stabilize...
2026-04-11 18:10:19 [INFO] 4. Clicking 'Filtrar'...
2026-04-11 18:10:19 [INFO] Waiting 20s for stations API request to finish...
2026-04-11 18:10:39 [INFO] Status API text: Foram encontrados 0 postos e 0 tomadas
2026-04-11 18:10:39 [INFO] 5. Looking for the Export button...
2026-04-11 18:10:39 [ERROR] Failed to find or download via Export button.
2026-04-11 18:10:39 [INFO] Browser successfully killed to free memory. Run complete.

2026-04-11 18:18:01 [INFO] --- Started scheduled run. Sleeping for 2 seconds (Jitter) ---
2026-04-11 18:18:03 [INFO] Initializing browser...
2026-04-11 18:18:05 [INFO] patching driver executable /home/joao-martins/.local/share/undetected_chromedriver/undetected_chromedriver
2026-04-11 18:18:05 [INFO] 1. Navigating to Mobi.E map...
2026-04-11 18:18:23 [INFO] 2. Clicking 'Postos' tab...
2026-04-11 18:18:28 [INFO] 3. Clicking 'Limpar filtros'...
2026-04-11 18:18:33 [INFO] 3.5. Zooming out 2 times...
2026-04-11 18:18:37 [INFO] Waiting 10s for map bounds to completely stabilize...
2026-04-11 18:18:47 [INFO] 4. Clicking 'Filtrar'...
2026-04-11 18:18:47 [INFO] Waiting 20s for stations API request to finish...
2026-04-11 18:19:07 [INFO] Status API text: Foram encontrados 7503 postos e 15900 tomadas
2026-04-11 18:19:07 [INFO] 5. Looking for the Export button...
2026-04-11 18:19:07 [INFO] Found blob href. Executing direct JS fetch...
2026-04-11 18:19:07 [INFO] SUCCESS! Saved 20260411_171907Z.csv (3657.06 KB)
2026-04-11 18:19:07 [INFO] Browser successfully killed to free memory. Run complete.

2026-04-11 18:27:01 [INFO] --- Started scheduled run. Sleeping for 44 seconds (Jitter) ---
2026-04-11 18:27:45 [INFO] Initializing browser...
2026-04-11 18:27:47 [INFO] patching driver executable /home/joao-martins/.local/share/undetected_chromedriver/undetected_chromedriver
2026-04-11 18:27:47 [INFO] 1. Navigating to Mobi.E map...
2026-04-11 18:28:04 [INFO] 2. Clicking 'Postos' tab...
2026-04-11 18:28:09 [INFO] 3. Clicking 'Limpar filtros'...
2026-04-11 18:28:14 [INFO] 3.5. Zooming out 2 times...
2026-04-11 18:28:18 [INFO] Waiting 10s for map bounds to completely stabilize...
2026-04-11 18:28:28 [INFO] 4. Clicking 'Filtrar'...
2026-04-11 18:28:28 [INFO] Waiting 20s for stations API request to finish...
2026-04-11 18:28:48 [INFO] Status API text: Foram encontrados 0 postos e 0 tomadas
2026-04-11 18:28:48 [INFO] 5. Looking for the Export button...
2026-04-11 18:28:48 [ERROR] Failed to find or download via Export button.
2026-04-11 18:28:48 [INFO] Browser successfully killed to free memory. Run complete.

2026-04-11 18:36:01 [INFO] --- Started scheduled run. Sleeping for 58 seconds (Jitter) ---
2026-04-11 18:36:59 [INFO] Initializing browser...
2026-04-11 18:37:01 [INFO] patching driver executable /home/joao-martins/.local/share/undetected_chromedriver/undetected_chromedriver
2026-04-11 18:37:02 [INFO] 1. Navigating to Mobi.E map...
2026-04-11 18:37:19 [INFO] 2. Clicking 'Postos' tab...
2026-04-11 18:37:24 [INFO] 3. Clicking 'Limpar filtros'...
2026-04-11 18:37:29 [INFO] 3.5. Zooming out 2 times...
2026-04-11 18:37:33 [INFO] Waiting 10s for map bounds to completely stabilize...
2026-04-11 18:37:43 [INFO] 4. Clicking 'Filtrar'...
2026-04-11 18:37:43 [INFO] Waiting 20s for stations API request to finish...
2026-04-11 18:38:03 [INFO] Status API text: Foram encontrados 0 postos e 0 tomadas
2026-04-11 18:38:03 [INFO] 5. Looking for the Export button...
2026-04-11 18:38:03 [ERROR] Failed to find or download via Export button.
2026-04-11 18:38:03 [INFO] Browser successfully killed to free memory. Run complete.

2026-04-11 18:45:01 [INFO] --- Started scheduled run. Sleeping for 17 seconds (Jitter) ---
2026-04-11 18:45:18 [INFO] Initializing browser...
2026-04-11 18:45:21 [INFO] patching driver executable /home/joao-martins/.local/share/undetected_chromedriver/undetected_chromedriver
2026-04-11 18:45:21 [INFO] 1. Navigating to Mobi.E map...
2026-04-11 18:45:38 [INFO] 2. Clicking 'Postos' tab...
2026-04-11 18:45:43 [INFO] 3. Clicking 'Limpar filtros'...
2026-04-11 18:45:48 [INFO] 3.5. Zooming out 2 times...
2026-04-11 18:45:52 [INFO] Waiting 10s for map bounds to completely stabilize...
2026-04-11 18:46:02 [INFO] 4. Clicking 'Filtrar'...
2026-04-11 18:46:02 [INFO] Waiting 20s for stations API request to finish...
2026-04-11 18:46:22 [INFO] Status API text: Foram encontrados 0 postos e 0 tomadas
2026-04-11 18:46:22 [INFO] 5. Looking for the Export button...
2026-04-11 18:46:23 [ERROR] Failed to find or download via Export button.
2026-04-11 18:46:23 [INFO] Browser successfully killed to free memory. Run complete.

2026-04-11 18:54:01 [INFO] --- Started scheduled run. Sleeping for 8 seconds (Jitter) ---
2026-04-11 18:54:09 [INFO] Initializing browser...
2026-04-11 18:54:11 [INFO] patching driver executable /home/joao-martins/.local/share/undetected_chromedriver/undetected_chromedriver
2026-04-11 18:54:12 [INFO] 1. Navigating to Mobi.E map...
2026-04-11 18:54:29 [INFO] 2. Clicking 'Postos' tab...
2026-04-11 18:54:34 [INFO] 3. Clicking 'Limpar filtros'...
2026-04-11 18:54:39 [INFO] 3.5. Zooming out 2 times...
2026-04-11 18:54:43 [INFO] Waiting 10s for map bounds to completely stabilize...
2026-04-11 18:54:53 [INFO] 4. Clicking 'Filtrar'...
2026-04-11 18:54:53 [INFO] Waiting 20s for stations API request to finish...
2026-04-11 18:55:13 [INFO] Status API text: Foram encontrados 0 postos e 0 tomadas
2026-04-11 18:55:13 [INFO] 5. Looking for the Export button...
2026-04-11 18:55:13 [ERROR] Failed to find or download via Export button.
2026-04-11 18:55:13 [INFO] Browser successfully killed to free memory. Run complete.

2026-04-11 19:00:02 [INFO] --- Started scheduled run. Sleeping for 29 seconds (Jitter) ---
2026-04-11 19:00:31 [INFO] Initializing browser...
2026-04-11 19:00:33 [INFO] patching driver executable /home/joao-martins/.local/share/undetected_chromedriver/undetected_chromedriver
2026-04-11 19:00:33 [INFO] 1. Navigating to Mobi.E map...
2026-04-11 19:00:50 [INFO] 2. Clicking 'Postos' tab...
2026-04-11 19:00:56 [INFO] 3. Clicking 'Limpar filtros'...
2026-04-11 19:01:01 [INFO] 3.5. Zooming out 2 times...
2026-04-11 19:01:05 [INFO] Waiting 10s for map bounds to completely stabilize...
2026-04-11 19:01:15 [INFO] 4. Clicking 'Filtrar'...
2026-04-11 19:01:15 [INFO] Waiting 20s for stations API request to finish...
2026-04-11 19:01:35 [INFO] Status API text: Foram encontrados 7499 postos e 15883 tomadas
2026-04-11 19:01:35 [INFO] 5. Looking for the Export button...
2026-04-11 19:01:35 [INFO] Found blob href. Executing direct JS fetch...
2026-04-11 19:01:35 [INFO] SUCCESS! Saved 20260411_180135Z.csv (3654.32 KB)
2026-04-11 19:01:35 [INFO] Browser successfully killed to free memory. Run complete.

2026-04-11 19:09:01 [INFO] --- Started scheduled run. Sleeping for 17 seconds (Jitter) ---
2026-04-11 19:09:18 [INFO] Initializing browser...
2026-04-11 19:09:20 [INFO] patching driver executable /home/joao-martins/.local/share/undetected_chromedriver/undetected_chromedriver
2026-04-11 19:09:20 [INFO] 1. Navigating to Mobi.E map...
2026-04-11 19:09:38 [INFO] 2. Clicking 'Postos' tab...
2026-04-11 19:09:43 [INFO] 3. Clicking 'Limpar filtros'...
2026-04-11 19:09:48 [INFO] 3.5. Zooming out 2 times...
2026-04-11 19:09:52 [INFO] Waiting 10s for map bounds to completely stabilize...
2026-04-11 19:10:02 [INFO] 4. Clicking 'Filtrar'...
2026-04-11 19:10:02 [INFO] Waiting 20s for stations API request to finish...
2026-04-11 19:10:22 [INFO] Status API text: Foram encontrados 0 postos e 0 tomadas
2026-04-11 19:10:22 [INFO] 5. Looking for the Export button...
2026-04-11 19:10:22 [ERROR] Failed to find or download via Export button.
2026-04-11 19:10:22 [INFO] Browser successfully killed to free memory. Run complete.

2026-04-11 19:18:01 [INFO] --- Started scheduled run. Sleeping for 13 seconds (Jitter) ---
2026-04-11 19:18:14 [INFO] Initializing browser...
2026-04-11 19:18:16 [INFO] patching driver executable /home/joao-martins/.local/share/undetected_chromedriver/undetected_chromedriver
2026-04-11 19:18:16 [INFO] 1. Navigating to Mobi.E map...
2026-04-11 19:18:34 [INFO] 2. Clicking 'Postos' tab...
2026-04-11 19:18:39 [INFO] 3. Clicking 'Limpar filtros'...
2026-04-11 19:18:44 [INFO] 3.5. Zooming out 2 times...
2026-04-11 19:18:48 [INFO] Waiting 10s for map bounds to completely stabilize...
2026-04-11 19:18:58 [INFO] 4. Clicking 'Filtrar'...
2026-04-11 19:18:58 [INFO] Waiting 20s for stations API request to finish...
2026-04-11 19:19:18 [INFO] Status API text: Foram encontrados 0 postos e 0 tomadas
2026-04-11 19:19:18 [INFO] 5. Looking for the Export button...
2026-04-11 19:19:18 [ERROR] Failed to find or download via Export button.
2026-04-11 19:19:18 [INFO] Browser successfully killed to free memory. Run complete.

2026-04-11 19:27:01 [INFO] --- Started scheduled run. Sleeping for 5 seconds (Jitter) ---
2026-04-11 19:27:06 [INFO] Initializing browser...
2026-04-11 19:27:08 [INFO] patching driver executable /home/joao-martins/.local/share/undetected_chromedriver/undetected_chromedriver
2026-04-11 19:27:09 [INFO] 1. Navigating to Mobi.E map...
2026-04-11 19:27:26 [INFO] 2. Clicking 'Postos' tab...
2026-04-11 19:27:31 [INFO] 3. Clicking 'Limpar filtros'...
2026-04-11 19:27:36 [INFO] 3.5. Zooming out 2 times...
2026-04-11 19:27:40 [INFO] Waiting 10s for map bounds to completely stabilize...
2026-04-11 19:27:50 [INFO] 4. Clicking 'Filtrar'...
2026-04-11 19:27:50 [INFO] Waiting 20s for stations API request to finish...
2026-04-11 19:28:10 [INFO] Status API text: Foram encontrados 7496 postos e 15875 tomadas
2026-04-11 19:28:10 [INFO] 5. Looking for the Export button...
2026-04-11 19:28:10 [INFO] Found blob href. Executing direct JS fetch...
2026-04-11 19:28:10 [INFO] SUCCESS! Saved 20260411_182810Z.csv (3652.69 KB)
2026-04-11 19:28:10 [INFO] Browser successfully killed to free memory. Run complete.

2026-04-11 19:36:01 [INFO] --- Started scheduled run. Sleeping for 38 seconds (Jitter) ---
2026-04-11 19:36:39 [INFO] Initializing browser...
2026-04-11 19:36:41 [INFO] patching driver executable /home/joao-martins/.local/share/undetected_chromedriver/undetected_chromedriver
2026-04-11 19:36:41 [INFO] 1. Navigating to Mobi.E map...
2026-04-11 19:36:59 [INFO] 2. Clicking 'Postos' tab...
2026-04-11 19:37:04 [INFO] 3. Clicking 'Limpar filtros'...
2026-04-11 19:37:09 [INFO] 3.5. Zooming out 2 times...
2026-04-11 19:37:13 [INFO] Waiting 10s for map bounds to completely stabilize...
2026-04-11 19:37:23 [INFO] 4. Clicking 'Filtrar'...
2026-04-11 19:37:23 [INFO] Waiting 20s for stations API request to finish...
2026-04-11 19:37:43 [INFO] Status API text: Foram encontrados 7501 postos e 15887 tomadas
2026-04-11 19:37:43 [INFO] 5. Looking for the Export button...
2026-04-11 19:37:43 [INFO] Found blob href. Executing direct JS fetch...
2026-04-11 19:37:43 [INFO] SUCCESS! Saved 20260411_183743Z.csv (3655.47 KB)
2026-04-11 19:37:43 [INFO] Browser successfully killed to free memory. Run complete.

2026-04-11 19:45:01 [INFO] --- Started scheduled run. Sleeping for 57 seconds (Jitter) ---
2026-04-11 19:45:58 [INFO] Initializing browser...
2026-04-11 19:46:00 [INFO] patching driver executable /home/joao-martins/.local/share/undetected_chromedriver/undetected_chromedriver
2026-04-11 19:46:00 [INFO] 1. Navigating to Mobi.E map...
2026-04-11 19:46:17 [INFO] 2. Clicking 'Postos' tab...
2026-04-11 19:46:22 [INFO] 3. Clicking 'Limpar filtros'...
2026-04-11 19:46:27 [INFO] 3.5. Zooming out 2 times...
2026-04-11 19:46:32 [INFO] Waiting 10s for map bounds to completely stabilize...
2026-04-11 19:46:42 [INFO] 4. Clicking 'Filtrar'...
2026-04-11 19:46:42 [INFO] Waiting 20s for stations API request to finish...
2026-04-11 19:47:02 [INFO] Status API text: Foram encontrados 0 postos e 0 tomadas
2026-04-11 19:47:02 [INFO] 5. Looking for the Export button...
2026-04-11 19:47:02 [ERROR] Failed to find or download via Export button.
2026-04-11 19:47:02 [INFO] Browser successfully killed to free memory. Run complete.

2026-04-11 19:54:01 [INFO] --- Started scheduled run. Sleeping for 10 seconds (Jitter) ---
2026-04-11 19:54:11 [INFO] Initializing browser...
2026-04-11 19:54:13 [INFO] patching driver executable /home/joao-martins/.local/share/undetected_chromedriver/undetected_chromedriver
2026-04-11 19:54:14 [INFO] 1. Navigating to Mobi.E map...
2026-04-11 19:54:31 [INFO] 2. Clicking 'Postos' tab...
2026-04-11 19:54:36 [INFO] 3. Clicking 'Limpar filtros'...
2026-04-11 19:54:41 [INFO] 3.5. Zooming out 2 times...
2026-04-11 19:54:45 [INFO] Waiting 10s for map bounds to completely stabilize...
2026-04-11 19:54:55 [INFO] 4. Clicking 'Filtrar'...
2026-04-11 19:54:55 [INFO] Waiting 20s for stations API request to finish...
2026-04-11 19:55:15 [INFO] Status API text: Foram encontrados 0 postos e 0 tomadas
2026-04-11 19:55:15 [INFO] 5. Looking for the Export button...
2026-04-11 19:55:15 [ERROR] Failed to find or download via Export button.
2026-04-11 19:55:15 [INFO] Browser successfully killed to free memory. Run complete.

2026-04-11 20:00:02 [INFO] --- Started scheduled run. Sleeping for 30 seconds (Jitter) ---
2026-04-11 20:00:32 [INFO] Initializing browser...
2026-04-11 20:00:34 [INFO] patching driver executable /home/joao-martins/.local/share/undetected_chromedriver/undetected_chromedriver
2026-04-11 20:00:34 [INFO] 1. Navigating to Mobi.E map...
2026-04-11 20:00:51 [INFO] 2. Clicking 'Postos' tab...
2026-04-11 20:00:56 [INFO] 3. Clicking 'Limpar filtros'...
2026-04-11 20:01:01 [INFO] 3.5. Zooming out 2 times...
2026-04-11 20:01:05 [INFO] Waiting 10s for map bounds to completely stabilize...
2026-04-11 20:01:15 [INFO] 4. Clicking 'Filtrar'...
2026-04-11 20:01:15 [INFO] Waiting 20s for stations API request to finish...
2026-04-11 20:01:35 [INFO] Status API text: Foram encontrados 0 postos e 0 tomadas
2026-04-11 20:01:35 [INFO] 5. Looking for the Export button...
2026-04-11 20:01:35 [ERROR] Failed to find or download via Export button.
2026-04-11 20:01:35 [INFO] Browser successfully killed to free memory. Run complete.

2026-04-11 20:09:01 [INFO] --- Started scheduled run. Sleeping for 50 seconds (Jitter) ---
2026-04-11 20:09:51 [INFO] Initializing browser...
2026-04-11 20:09:52 [INFO] patching driver executable /home/joao-martins/.local/share/undetected_chromedriver/undetected_chromedriver
2026-04-11 20:09:53 [INFO] 1. Navigating to Mobi.E map...
2026-04-11 20:10:10 [INFO] 2. Clicking 'Postos' tab...
2026-04-11 20:10:15 [INFO] 3. Clicking 'Limpar filtros'...
2026-04-11 20:10:20 [INFO] 3.5. Zooming out 2 times...
2026-04-11 20:10:24 [INFO] Waiting 10s for map bounds to completely stabilize...
2026-04-11 20:10:34 [INFO] 4. Clicking 'Filtrar'...
2026-04-11 20:10:34 [INFO] Waiting 20s for stations API request to finish...
2026-04-11 20:10:54 [INFO] Status API text: Foram encontrados 0 postos e 0 tomadas
2026-04-11 20:10:54 [INFO] 5. Looking for the Export button...
2026-04-11 20:10:54 [ERROR] Failed to find or download via Export button.
2026-04-11 20:10:54 [INFO] Browser successfully killed to free memory. Run complete.

2026-04-11 20:18:02 [INFO] --- Started scheduled run. Sleeping for 6 seconds (Jitter) ---
2026-04-11 20:18:08 [INFO] Initializing browser...
2026-04-11 20:18:08 [INFO] patching driver executable /home/joao-martins/.local/share/undetected_chromedriver/undetected_chromedriver
2026-04-11 20:18:09 [INFO] 1. Navigating to Mobi.E map...
2026-04-11 20:18:26 [INFO] 2. Clicking 'Postos' tab...
2026-04-11 20:18:31 [INFO] 3. Clicking 'Limpar filtros'...
2026-04-11 20:18:36 [INFO] 3.5. Zooming out 2 times...
2026-04-11 20:18:40 [INFO] Waiting 10s for map bounds to completely stabilize...
2026-04-11 20:18:50 [INFO] 4. Clicking 'Filtrar'...
2026-04-11 20:18:50 [INFO] Waiting 20s for stations API request to finish...
2026-04-11 20:19:10 [INFO] Status API text: Foram encontrados 0 postos e 0 tomadas
2026-04-11 20:19:10 [INFO] 5. Looking for the Export button...
2026-04-11 20:19:10 [ERROR] Failed to find or download via Export button.
2026-04-11 20:19:10 [INFO] Browser successfully killed to free memory. Run complete.

2026-04-11 20:27:01 [INFO] --- Started scheduled run. Sleeping for 30 seconds (Jitter) ---
2026-04-11 20:27:31 [INFO] Initializing browser...
2026-04-11 20:27:32 [INFO] patching driver executable /home/joao-martins/.local/share/undetected_chromedriver/undetected_chromedriver
2026-04-11 20:27:33 [INFO] 1. Navigating to Mobi.E map...
2026-04-11 20:27:50 [INFO] 2. Clicking 'Postos' tab...
2026-04-11 20:27:55 [INFO] 3. Clicking 'Limpar filtros'...
2026-04-11 20:28:00 [INFO] 3.5. Zooming out 2 times...
2026-04-11 20:28:04 [INFO] Waiting 10s for map bounds to completely stabilize...
2026-04-11 20:28:14 [INFO] 4. Clicking 'Filtrar'...
2026-04-11 20:28:14 [INFO] Waiting 20s for stations API request to finish...
2026-04-11 20:28:34 [INFO] Status API text: Foram encontrados 7495 postos e 15876 tomadas
2026-04-11 20:28:34 [INFO] 5. Looking for the Export button...
2026-04-11 20:28:34 [INFO] Found blob href. Executing direct JS fetch...
2026-04-11 20:28:34 [INFO] SUCCESS! Saved 20260411_192834Z.csv (3653.51 KB)
2026-04-11 20:28:34 [INFO] Browser successfully killed to free memory. Run complete.

2026-04-11 20:36:01 [INFO] --- Started scheduled run. Sleeping for 5 seconds (Jitter) ---
2026-04-11 20:36:06 [INFO] Initializing browser...
2026-04-11 20:36:07 [INFO] patching driver executable /home/joao-martins/.local/share/undetected_chromedriver/undetected_chromedriver
2026-04-11 20:36:08 [INFO] 1. Navigating to Mobi.E map...
2026-04-11 20:36:24 [INFO] 2. Clicking 'Postos' tab...
2026-04-11 20:36:29 [INFO] 3. Clicking 'Limpar filtros'...
2026-04-11 20:36:34 [INFO] 3.5. Zooming out 2 times...
2026-04-11 20:36:39 [INFO] Waiting 10s for map bounds to completely stabilize...
2026-04-11 20:36:49 [INFO] 4. Clicking 'Filtrar'...
2026-04-11 20:36:49 [INFO] Waiting 20s for stations API request to finish...
2026-04-11 20:37:09 [INFO] Status API text: Foram encontrados 0 postos e 0 tomadas
2026-04-11 20:37:09 [INFO] 5. Looking for the Export button...
2026-04-11 20:37:09 [ERROR] Failed to find or download via Export button.
2026-04-11 20:37:09 [INFO] Browser successfully killed to free memory. Run complete.

2026-04-11 20:45:01 [INFO] --- Started scheduled run. Sleeping for 8 seconds (Jitter) ---
2026-04-11 20:45:09 [INFO] Initializing browser...
2026-04-11 20:45:10 [INFO] patching driver executable /home/joao-martins/.local/share/undetected_chromedriver/undetected_chromedriver
2026-04-11 20:45:10 [INFO] 1. Navigating to Mobi.E map...
2026-04-11 20:45:27 [INFO] 2. Clicking 'Postos' tab...
2026-04-11 20:45:32 [INFO] 3. Clicking 'Limpar filtros'...
2026-04-11 20:45:38 [INFO] 3.5. Zooming out 2 times...
2026-04-11 20:45:42 [INFO] Waiting 10s for map bounds to completely stabilize...
2026-04-11 20:45:52 [INFO] 4. Clicking 'Filtrar'...
2026-04-11 20:45:52 [INFO] Waiting 20s for stations API request to finish...
2026-04-11 20:46:12 [INFO] Status API text: Foram encontrados 7492 postos e 15869 tomadas
2026-04-11 20:46:12 [INFO] 5. Looking for the Export button...
2026-04-11 20:46:12 [INFO] Found blob href. Executing direct JS fetch...
2026-04-11 20:46:12 [INFO] SUCCESS! Saved 20260411_194612Z.csv (3651.33 KB)
2026-04-11 20:46:12 [INFO] Browser successfully killed to free memory. Run complete.

2026-04-11 20:54:01 [INFO] --- Started scheduled run. Sleeping for 53 seconds (Jitter) ---
2026-04-11 20:54:54 [INFO] Initializing browser...
2026-04-11 20:54:55 [INFO] patching driver executable /home/joao-martins/.local/share/undetected_chromedriver/undetected_chromedriver
2026-04-11 20:54:56 [INFO] 1. Navigating to Mobi.E map...
2026-04-11 20:55:12 [INFO] 2. Clicking 'Postos' tab...
2026-04-11 20:55:17 [INFO] 3. Clicking 'Limpar filtros'...
2026-04-11 20:55:23 [INFO] 3.5. Zooming out 2 times...
2026-04-11 20:55:27 [INFO] Waiting 10s for map bounds to completely stabilize...
2026-04-11 20:55:37 [INFO] 4. Clicking 'Filtrar'...
2026-04-11 20:55:37 [INFO] Waiting 20s for stations API request to finish...
2026-04-11 20:55:57 [INFO] Status API text: Foram encontrados 0 postos e 0 tomadas
2026-04-11 20:55:57 [INFO] 5. Looking for the Export button...
2026-04-11 20:55:57 [ERROR] Failed to find or download via Export button.
2026-04-11 20:55:57 [INFO] Browser successfully killed to free memory. Run complete.

2026-04-11 21:00:01 [INFO] --- Started scheduled run. Sleeping for 57 seconds (Jitter) ---
2026-04-11 21:00:58 [INFO] Initializing browser...
2026-04-11 21:00:59 [INFO] patching driver executable /home/joao-martins/.local/share/undetected_chromedriver/undetected_chromedriver
2026-04-11 21:01:00 [INFO] 1. Navigating to Mobi.E map...
2026-04-11 21:01:17 [INFO] 2. Clicking 'Postos' tab...
2026-04-11 21:01:22 [INFO] 3. Clicking 'Limpar filtros'...
2026-04-11 21:01:27 [INFO] 3.5. Zooming out 2 times...
2026-04-11 21:01:31 [INFO] Waiting 10s for map bounds to completely stabilize...
2026-04-11 21:01:41 [INFO] 4. Clicking 'Filtrar'...
2026-04-11 21:01:41 [INFO] Waiting 20s for stations API request to finish...
2026-04-11 21:02:01 [INFO] Status API text: Foram encontrados 7498 postos e 15884 tomadas
2026-04-11 21:02:01 [INFO] 5. Looking for the Export button...
2026-04-11 21:02:01 [INFO] Found blob href. Executing direct JS fetch...
2026-04-11 21:02:01 [INFO] SUCCESS! Saved 20260411_200201Z.csv (3655.22 KB)
2026-04-11 21:02:01 [INFO] Browser successfully killed to free memory. Run complete.

2026-04-11 21:09:01 [INFO] --- Started scheduled run. Sleeping for 39 seconds (Jitter) ---
2026-04-11 21:09:40 [INFO] Initializing browser...
2026-04-11 21:09:41 [INFO] patching driver executable /home/joao-martins/.local/share/undetected_chromedriver/undetected_chromedriver
2026-04-11 21:09:41 [INFO] 1. Navigating to Mobi.E map...
2026-04-11 21:09:58 [INFO] 2. Clicking 'Postos' tab...
2026-04-11 21:10:03 [INFO] 3. Clicking 'Limpar filtros'...
2026-04-11 21:10:08 [INFO] 3.5. Zooming out 2 times...
2026-04-11 21:10:12 [INFO] Waiting 10s for map bounds to completely stabilize...
2026-04-11 21:10:22 [INFO] 4. Clicking 'Filtrar'...
2026-04-11 21:10:22 [INFO] Waiting 20s for stations API request to finish...
2026-04-11 21:10:42 [INFO] Status API text: Foram encontrados 0 postos e 0 tomadas
2026-04-11 21:10:42 [INFO] 5. Looking for the Export button...
2026-04-11 21:10:42 [ERROR] Failed to find or download via Export button.
2026-04-11 21:10:42 [INFO] Browser successfully killed to free memory. Run complete.

2026-04-11 21:18:01 [INFO] --- Started scheduled run. Sleeping for 3 seconds (Jitter) ---
2026-04-11 21:18:04 [INFO] Initializing browser...
2026-04-11 21:18:05 [INFO] patching driver executable /home/joao-martins/.local/share/undetected_chromedriver/undetected_chromedriver
2026-04-11 21:18:05 [INFO] 1. Navigating to Mobi.E map...
2026-04-11 21:18:22 [INFO] 2. Clicking 'Postos' tab...
2026-04-11 21:18:27 [INFO] 3. Clicking 'Limpar filtros'...
2026-04-11 21:18:32 [INFO] 3.5. Zooming out 2 times...
2026-04-11 21:18:36 [INFO] Waiting 10s for map bounds to completely stabilize...
2026-04-11 21:18:46 [INFO] 4. Clicking 'Filtrar'...
2026-04-11 21:18:46 [INFO] Waiting 20s for stations API request to finish...
2026-04-11 21:19:06 [INFO] Status API text: Foram encontrados 0 postos e 0 tomadas
2026-04-11 21:19:06 [INFO] 5. Looking for the Export button...
2026-04-11 21:19:06 [ERROR] Failed to find or download via Export button.
2026-04-11 21:19:06 [INFO] Browser successfully killed to free memory. Run complete.

2026-04-11 21:27:01 [INFO] --- Started scheduled run. Sleeping for 45 seconds (Jitter) ---
2026-04-11 21:27:46 [INFO] Initializing browser...
2026-04-11 21:27:47 [INFO] patching driver executable /home/joao-martins/.local/share/undetected_chromedriver/undetected_chromedriver
2026-04-11 21:27:47 [INFO] 1. Navigating to Mobi.E map...
2026-04-11 21:28:04 [INFO] 2. Clicking 'Postos' tab...
2026-04-11 21:28:09 [INFO] 3. Clicking 'Limpar filtros'...
2026-04-11 21:28:14 [INFO] 3.5. Zooming out 2 times...
2026-04-11 21:28:18 [INFO] Waiting 10s for map bounds to completely stabilize...
2026-04-11 21:28:28 [INFO] 4. Clicking 'Filtrar'...
2026-04-11 21:28:28 [INFO] Waiting 20s for stations API request to finish...
2026-04-11 21:28:48 [INFO] Status API text: Foram encontrados 0 postos e 0 tomadas
2026-04-11 21:28:48 [INFO] 5. Looking for the Export button...
2026-04-11 21:28:49 [ERROR] Failed to find or download via Export button.
2026-04-11 21:28:49 [INFO] Browser successfully killed to free memory. Run complete.

2026-04-11 21:36:01 [INFO] --- Started scheduled run. Sleeping for 3 seconds (Jitter) ---
2026-04-11 21:36:04 [INFO] Initializing browser...
2026-04-11 21:36:05 [INFO] patching driver executable /home/joao-martins/.local/share/undetected_chromedriver/undetected_chromedriver
2026-04-11 21:36:06 [INFO] 1. Navigating to Mobi.E map...
2026-04-11 21:36:22 [INFO] 2. Clicking 'Postos' tab...
2026-04-11 21:36:27 [INFO] 3. Clicking 'Limpar filtros'...
2026-04-11 21:36:33 [INFO] 3.5. Zooming out 2 times...
2026-04-11 21:36:37 [INFO] Waiting 10s for map bounds to completely stabilize...
2026-04-11 21:36:47 [INFO] 4. Clicking 'Filtrar'...
2026-04-11 21:36:47 [INFO] Waiting 20s for stations API request to finish...
2026-04-11 21:37:07 [INFO] Status API text: Foram encontrados 0 postos e 0 tomadas
2026-04-11 21:37:07 [INFO] 5. Looking for the Export button...
2026-04-11 21:37:07 [ERROR] Failed to find or download via Export button.
2026-04-11 21:37:07 [INFO] Browser successfully killed to free memory. Run complete.

2026-04-11 21:45:01 [INFO] --- Started scheduled run. Sleeping for 35 seconds (Jitter) ---
2026-04-11 21:45:36 [INFO] Initializing browser...
2026-04-11 21:45:37 [INFO] patching driver executable /home/joao-martins/.local/share/undetected_chromedriver/undetected_chromedriver
2026-04-11 21:45:37 [INFO] 1. Navigating to Mobi.E map...
2026-04-11 21:45:54 [INFO] 2. Clicking 'Postos' tab...
2026-04-11 21:45:59 [INFO] 3. Clicking 'Limpar filtros'...
2026-04-11 21:46:05 [INFO] 3.5. Zooming out 2 times...
2026-04-11 21:46:09 [INFO] Waiting 10s for map bounds to completely stabilize...
2026-04-11 21:46:19 [INFO] 4. Clicking 'Filtrar'...
2026-04-11 21:46:19 [INFO] Waiting 20s for stations API request to finish...
2026-04-11 21:46:39 [INFO] Status API text: Foram encontrados 7496 postos e 15878 tomadas
2026-04-11 21:46:39 [INFO] 5. Looking for the Export button...
2026-04-11 21:46:39 [INFO] Found blob href. Executing direct JS fetch...
2026-04-11 21:46:39 [INFO] SUCCESS! Saved 20260411_204639Z.csv (3654.73 KB)
2026-04-11 21:46:39 [INFO] Browser successfully killed to free memory. Run complete.

2026-04-11 21:54:02 [INFO] --- Started scheduled run. Sleeping for 27 seconds (Jitter) ---
2026-04-11 21:54:29 [INFO] Initializing browser...
2026-04-11 21:54:29 [INFO] patching driver executable /home/joao-martins/.local/share/undetected_chromedriver/undetected_chromedriver
2026-04-11 21:54:30 [INFO] 1. Navigating to Mobi.E map...
2026-04-11 21:54:47 [INFO] 2. Clicking 'Postos' tab...
2026-04-11 21:54:52 [INFO] 3. Clicking 'Limpar filtros'...
2026-04-11 21:54:57 [INFO] 3.5. Zooming out 2 times...
2026-04-11 21:55:01 [INFO] Waiting 10s for map bounds to completely stabilize...
2026-04-11 21:55:11 [INFO] 4. Clicking 'Filtrar'...
2026-04-11 21:55:11 [INFO] Waiting 20s for stations API request to finish...
2026-04-11 21:55:31 [INFO] Status API text: Foram encontrados 0 postos e 0 tomadas
2026-04-11 21:55:31 [INFO] 5. Looking for the Export button...
2026-04-11 21:55:31 [ERROR] Failed to find or download via Export button.
2026-04-11 21:55:31 [INFO] Browser successfully killed to free memory. Run complete.

2026-04-11 22:00:01 [INFO] --- Started scheduled run. Sleeping for 22 seconds (Jitter) ---
2026-04-11 22:00:23 [INFO] Initializing browser...
2026-04-11 22:00:24 [INFO] patching driver executable /home/joao-martins/.local/share/undetected_chromedriver/undetected_chromedriver
2026-04-11 22:00:25 [INFO] 1. Navigating to Mobi.E map...
2026-04-11 22:00:42 [INFO] 2. Clicking 'Postos' tab...
2026-04-11 22:00:47 [INFO] 3. Clicking 'Limpar filtros'...
2026-04-11 22:00:52 [INFO] 3.5. Zooming out 2 times...
2026-04-11 22:00:56 [INFO] Waiting 10s for map bounds to completely stabilize...
2026-04-11 22:01:06 [INFO] 4. Clicking 'Filtrar'...
2026-04-11 22:01:06 [INFO] Waiting 20s for stations API request to finish...
2026-04-11 22:01:26 [INFO] Status API text: Foram encontrados 7493 postos e 15869 tomadas
2026-04-11 22:01:26 [INFO] 5. Looking for the Export button...
2026-04-11 22:01:26 [INFO] Found blob href. Executing direct JS fetch...
2026-04-11 22:01:26 [INFO] SUCCESS! Saved 20260411_210126Z.csv (3653.12 KB)
2026-04-11 22:01:26 [INFO] Browser successfully killed to free memory. Run complete.

2026-04-11 22:09:01 [INFO] --- Started scheduled run. Sleeping for 33 seconds (Jitter) ---
2026-04-11 22:09:34 [INFO] Initializing browser...
2026-04-11 22:09:35 [INFO] patching driver executable /home/joao-martins/.local/share/undetected_chromedriver/undetected_chromedriver
2026-04-11 22:09:35 [INFO] 1. Navigating to Mobi.E map...
2026-04-11 22:09:52 [INFO] 2. Clicking 'Postos' tab...
2026-04-11 22:09:58 [INFO] 3. Clicking 'Limpar filtros'...
2026-04-11 22:10:03 [INFO] 3.5. Zooming out 2 times...
2026-04-11 22:10:07 [INFO] Waiting 10s for map bounds to completely stabilize...
2026-04-11 22:10:17 [INFO] 4. Clicking 'Filtrar'...
2026-04-11 22:10:17 [INFO] Waiting 20s for stations API request to finish...
2026-04-11 22:10:37 [INFO] Status API text: Foram encontrados 7493 postos e 15869 tomadas
2026-04-11 22:10:37 [INFO] 5. Looking for the Export button...
2026-04-11 22:10:37 [INFO] Found blob href. Executing direct JS fetch...
2026-04-11 22:10:37 [INFO] SUCCESS! Saved 20260411_211037Z.csv (3653.52 KB)
2026-04-11 22:10:37 [INFO] Browser successfully killed to free memory. Run complete.

2026-04-11 22:18:01 [INFO] --- Started scheduled run. Sleeping for 33 seconds (Jitter) ---
2026-04-11 22:18:34 [INFO] Initializing browser...
2026-04-11 22:18:35 [INFO] patching driver executable /home/joao-martins/.local/share/undetected_chromedriver/undetected_chromedriver
2026-04-11 22:18:35 [INFO] 1. Navigating to Mobi.E map...
2026-04-11 22:18:52 [INFO] 2. Clicking 'Postos' tab...
2026-04-11 22:18:57 [INFO] 3. Clicking 'Limpar filtros'...
2026-04-11 22:19:02 [INFO] 3.5. Zooming out 2 times...
2026-04-11 22:19:06 [INFO] Waiting 10s for map bounds to completely stabilize...
2026-04-11 22:19:16 [INFO] 4. Clicking 'Filtrar'...
2026-04-11 22:19:16 [INFO] Waiting 20s for stations API request to finish...
2026-04-11 22:19:36 [INFO] Status API text: Foram encontrados 7496 postos e 15876 tomadas
2026-04-11 22:19:36 [INFO] 5. Looking for the Export button...
2026-04-11 22:19:36 [INFO] Found blob href. Executing direct JS fetch...
2026-04-11 22:19:37 [INFO] SUCCESS! Saved 20260411_211937Z.csv (3655.30 KB)
2026-04-11 22:19:37 [INFO] Browser successfully killed to free memory. Run complete.

2026-04-11 22:27:01 [INFO] --- Started scheduled run. Sleeping for 55 seconds (Jitter) ---
2026-04-11 22:27:56 [INFO] Initializing browser...
2026-04-11 22:27:57 [INFO] patching driver executable /home/joao-martins/.local/share/undetected_chromedriver/undetected_chromedriver
2026-04-11 22:27:58 [INFO] 1. Navigating to Mobi.E map...
2026-04-11 22:28:15 [INFO] 2. Clicking 'Postos' tab...
2026-04-11 22:28:20 [INFO] 3. Clicking 'Limpar filtros'...
2026-04-11 22:28:25 [INFO] 3.5. Zooming out 2 times...
2026-04-11 22:28:29 [INFO] Waiting 10s for map bounds to completely stabilize...
2026-04-11 22:28:39 [INFO] 4. Clicking 'Filtrar'...
2026-04-11 22:28:39 [INFO] Waiting 20s for stations API request to finish...
2026-04-11 22:28:59 [INFO] Status API text: Foram encontrados 7497 postos e 15879 tomadas
2026-04-11 22:28:59 [INFO] 5. Looking for the Export button...
2026-04-11 22:28:59 [INFO] Found blob href. Executing direct JS fetch...
2026-04-11 22:28:59 [INFO] SUCCESS! Saved 20260411_212859Z.csv (3656.06 KB)
2026-04-11 22:28:59 [INFO] Browser successfully killed to free memory. Run complete.

2026-04-11 22:36:01 [INFO] --- Started scheduled run. Sleeping for 52 seconds (Jitter) ---
2026-04-11 22:36:53 [INFO] Initializing browser...
2026-04-11 22:36:54 [INFO] patching driver executable /home/joao-martins/.local/share/undetected_chromedriver/undetected_chromedriver
2026-04-11 22:36:54 [INFO] 1. Navigating to Mobi.E map...
2026-04-11 22:37:11 [INFO] 2. Clicking 'Postos' tab...
2026-04-11 22:37:16 [INFO] 3. Clicking 'Limpar filtros'...
2026-04-11 22:37:21 [INFO] 3.5. Zooming out 2 times...
2026-04-11 22:37:25 [INFO] Waiting 10s for map bounds to completely stabilize...
2026-04-11 22:37:35 [INFO] 4. Clicking 'Filtrar'...
2026-04-11 22:37:35 [INFO] Waiting 20s for stations API request to finish...
2026-04-11 22:37:55 [INFO] Status API text: Foram encontrados 0 postos e 0 tomadas
2026-04-11 22:37:55 [INFO] 5. Looking for the Export button...
2026-04-11 22:37:55 [ERROR] Failed to find or download via Export button.
2026-04-11 22:37:55 [INFO] Browser successfully killed to free memory. Run complete.

2026-04-11 22:45:01 [INFO] --- Started scheduled run. Sleeping for 9 seconds (Jitter) ---
2026-04-11 22:45:10 [INFO] Initializing browser...
2026-04-11 22:45:11 [INFO] patching driver executable /home/joao-martins/.local/share/undetected_chromedriver/undetected_chromedriver
2026-04-11 22:45:11 [INFO] 1. Navigating to Mobi.E map...
2026-04-11 22:45:28 [INFO] 2. Clicking 'Postos' tab...
2026-04-11 22:45:33 [INFO] 3. Clicking 'Limpar filtros'...
2026-04-11 22:45:38 [INFO] 3.5. Zooming out 2 times...
2026-04-11 22:45:42 [INFO] Waiting 10s for map bounds to completely stabilize...
2026-04-11 22:45:52 [INFO] 4. Clicking 'Filtrar'...
2026-04-11 22:45:52 [INFO] Waiting 20s for stations API request to finish...
2026-04-11 22:46:12 [INFO] Status API text: Foram encontrados 0 postos e 0 tomadas
2026-04-11 22:46:12 [INFO] 5. Looking for the Export button...
2026-04-11 22:46:12 [ERROR] Failed to find or download via Export button.
2026-04-11 22:46:12 [INFO] Browser successfully killed to free memory. Run complete.

2026-04-11 22:54:01 [INFO] --- Started scheduled run. Sleeping for 5 seconds (Jitter) ---
2026-04-11 22:54:06 [INFO] Initializing browser...
2026-04-11 22:54:07 [INFO] patching driver executable /home/joao-martins/.local/share/undetected_chromedriver/undetected_chromedriver
2026-04-11 22:54:07 [INFO] 1. Navigating to Mobi.E map...
2026-04-11 22:54:24 [INFO] 2. Clicking 'Postos' tab...
2026-04-11 22:54:29 [INFO] 3. Clicking 'Limpar filtros'...
2026-04-11 22:54:34 [INFO] 3.5. Zooming out 2 times...
2026-04-11 22:54:38 [INFO] Waiting 10s for map bounds to completely stabilize...
2026-04-11 22:54:48 [INFO] 4. Clicking 'Filtrar'...
2026-04-11 22:54:48 [INFO] Waiting 20s for stations API request to finish...
2026-04-11 22:55:08 [INFO] Status API text: Foram encontrados 0 postos e 0 tomadas
2026-04-11 22:55:08 [INFO] 5. Looking for the Export button...
2026-04-11 22:55:08 [ERROR] Failed to find or download via Export button.
2026-04-11 22:55:08 [INFO] Browser successfully killed to free memory. Run complete.

2026-04-11 23:00:02 [INFO] --- Started scheduled run. Sleeping for 53 seconds (Jitter) ---
2026-04-11 23:00:55 [INFO] Initializing browser...
2026-04-11 23:00:55 [INFO] patching driver executable /home/joao-martins/.local/share/undetected_chromedriver/undetected_chromedriver
2026-04-11 23:00:56 [INFO] 1. Navigating to Mobi.E map...
2026-04-11 23:01:13 [INFO] 2. Clicking 'Postos' tab...
2026-04-11 23:01:18 [INFO] 3. Clicking 'Limpar filtros'...
2026-04-11 23:01:23 [INFO] 3.5. Zooming out 2 times...
2026-04-11 23:01:27 [INFO] Waiting 10s for map bounds to completely stabilize...
2026-04-11 23:01:37 [INFO] 4. Clicking 'Filtrar'...
2026-04-11 23:01:37 [INFO] Waiting 20s for stations API request to finish...
2026-04-11 23:01:57 [INFO] Status API text: Foram encontrados 0 postos e 0 tomadas
2026-04-11 23:01:57 [INFO] 5. Looking for the Export button...
2026-04-11 23:01:57 [ERROR] Failed to find or download via Export button.
2026-04-11 23:01:57 [INFO] Browser successfully killed to free memory. Run complete.

2026-04-11 23:09:02 [INFO] --- Started scheduled run. Sleeping for 27 seconds (Jitter) ---
2026-04-11 23:09:29 [INFO] Initializing browser...
2026-04-11 23:09:30 [INFO] patching driver executable /home/joao-martins/.local/share/undetected_chromedriver/undetected_chromedriver
2026-04-11 23:09:30 [INFO] 1. Navigating to Mobi.E map...
2026-04-11 23:09:47 [INFO] 2. Clicking 'Postos' tab...
2026-04-11 23:09:52 [INFO] 3. Clicking 'Limpar filtros'...
2026-04-11 23:09:57 [INFO] 3.5. Zooming out 2 times...
2026-04-11 23:10:02 [INFO] Waiting 10s for map bounds to completely stabilize...
2026-04-11 23:10:12 [INFO] 4. Clicking 'Filtrar'...
2026-04-11 23:10:12 [INFO] Waiting 20s for stations API request to finish...
2026-04-11 23:10:32 [INFO] Status API text: Foram encontrados 7495 postos e 15873 tomadas
2026-04-11 23:10:32 [INFO] 5. Looking for the Export button...
2026-04-11 23:10:32 [INFO] Found blob href. Executing direct JS fetch...
2026-04-11 23:10:32 [INFO] SUCCESS! Saved 20260411_221032Z.csv (3656.12 KB)
2026-04-11 23:10:32 [INFO] Browser successfully killed to free memory. Run complete.

2026-04-11 23:18:02 [INFO] --- Started scheduled run. Sleeping for 18 seconds (Jitter) ---
2026-04-11 23:18:20 [INFO] Initializing browser...
2026-04-11 23:18:20 [INFO] patching driver executable /home/joao-martins/.local/share/undetected_chromedriver/undetected_chromedriver
2026-04-11 23:18:21 [INFO] 1. Navigating to Mobi.E map...
2026-04-11 23:18:38 [INFO] 2. Clicking 'Postos' tab...
2026-04-11 23:18:43 [INFO] 3. Clicking 'Limpar filtros'...
2026-04-11 23:18:48 [INFO] 3.5. Zooming out 2 times...
2026-04-11 23:18:52 [INFO] Waiting 10s for map bounds to completely stabilize...
2026-04-11 23:19:02 [INFO] 4. Clicking 'Filtrar'...
2026-04-11 23:19:02 [INFO] Waiting 20s for stations API request to finish...
2026-04-11 23:19:22 [INFO] Status API text: Foram encontrados 7496 postos e 15876 tomadas
2026-04-11 23:19:22 [INFO] 5. Looking for the Export button...
2026-04-11 23:19:22 [INFO] Found blob href. Executing direct JS fetch...
2026-04-11 23:19:22 [INFO] SUCCESS! Saved 20260411_221922Z.csv (3657.11 KB)
2026-04-11 23:19:22 [INFO] Browser successfully killed to free memory. Run complete.

2026-04-11 23:27:01 [INFO] --- Started scheduled run. Sleeping for 47 seconds (Jitter) ---
2026-04-11 23:27:48 [INFO] Initializing browser...
2026-04-11 23:27:49 [INFO] patching driver executable /home/joao-martins/.local/share/undetected_chromedriver/undetected_chromedriver
2026-04-11 23:27:49 [INFO] 1. Navigating to Mobi.E map...
2026-04-11 23:28:06 [INFO] 2. Clicking 'Postos' tab...
2026-04-11 23:28:11 [INFO] 3. Clicking 'Limpar filtros'...
2026-04-11 23:28:16 [INFO] 3.5. Zooming out 2 times...
2026-04-11 23:28:21 [INFO] Waiting 10s for map bounds to completely stabilize...
2026-04-11 23:28:31 [INFO] 4. Clicking 'Filtrar'...
2026-04-11 23:28:31 [INFO] Waiting 20s for stations API request to finish...
2026-04-11 23:28:51 [INFO] Status API text: Foram encontrados 7497 postos e 15879 tomadas
2026-04-11 23:28:51 [INFO] 5. Looking for the Export button...
2026-04-11 23:28:51 [INFO] Found blob href. Executing direct JS fetch...
2026-04-11 23:28:51 [INFO] SUCCESS! Saved 20260411_222851Z.csv (3658.05 KB)
2026-04-11 23:28:51 [INFO] Browser successfully killed to free memory. Run complete.

2026-04-11 23:36:02 [INFO] --- Started scheduled run. Sleeping for 10 seconds (Jitter) ---
2026-04-11 23:36:12 [INFO] Initializing browser...
2026-04-11 23:36:12 [INFO] patching driver executable /home/joao-martins/.local/share/undetected_chromedriver/undetected_chromedriver
2026-04-11 23:36:13 [INFO] 1. Navigating to Mobi.E map...
2026-04-11 23:36:30 [INFO] 2. Clicking 'Postos' tab...
2026-04-11 23:36:35 [INFO] 3. Clicking 'Limpar filtros'...
2026-04-11 23:36:40 [INFO] 3.5. Zooming out 2 times...
2026-04-11 23:36:44 [INFO] Waiting 10s for map bounds to completely stabilize...
2026-04-11 23:36:54 [INFO] 4. Clicking 'Filtrar'...
2026-04-11 23:36:54 [INFO] Waiting 20s for stations API request to finish...
2026-04-11 23:37:14 [INFO] Status API text: Foram encontrados 0 postos e 0 tomadas
2026-04-11 23:37:14 [INFO] 5. Looking for the Export button...
2026-04-11 23:37:14 [ERROR] Failed to find or download via Export button.
2026-04-11 23:37:14 [INFO] Browser successfully killed to free memory. Run complete.

2026-04-11 23:45:01 [INFO] --- Started scheduled run. Sleeping for 42 seconds (Jitter) ---
2026-04-11 23:45:43 [INFO] Initializing browser...
2026-04-11 23:45:44 [INFO] patching driver executable /home/joao-martins/.local/share/undetected_chromedriver/undetected_chromedriver
2026-04-11 23:45:45 [INFO] 1. Navigating to Mobi.E map...
2026-04-11 23:46:01 [INFO] 2. Clicking 'Postos' tab...
2026-04-11 23:46:06 [INFO] 3. Clicking 'Limpar filtros'...
2026-04-11 23:46:11 [INFO] 3.5. Zooming out 2 times...
2026-04-11 23:46:16 [INFO] Waiting 10s for map bounds to completely stabilize...
2026-04-11 23:46:26 [INFO] 4. Clicking 'Filtrar'...
2026-04-11 23:46:26 [INFO] Waiting 20s for stations API request to finish...
2026-04-11 23:46:46 [INFO] Status API text: Foram encontrados 0 postos e 0 tomadas
2026-04-11 23:46:46 [INFO] 5. Looking for the Export button...
2026-04-11 23:46:46 [ERROR] Failed to find or download via Export button.
2026-04-11 23:46:46 [INFO] Browser successfully killed to free memory. Run complete.

2026-04-11 23:54:01 [INFO] --- Started scheduled run. Sleeping for 6 seconds (Jitter) ---
2026-04-11 23:54:07 [INFO] Initializing browser...
2026-04-11 23:54:08 [INFO] patching driver executable /home/joao-martins/.local/share/undetected_chromedriver/undetected_chromedriver
2026-04-11 23:54:09 [INFO] 1. Navigating to Mobi.E map...
2026-04-11 23:54:25 [INFO] 2. Clicking 'Postos' tab...
2026-04-11 23:54:30 [INFO] 3. Clicking 'Limpar filtros'...
2026-04-11 23:54:35 [INFO] 3.5. Zooming out 2 times...
2026-04-11 23:54:39 [INFO] Waiting 10s for map bounds to completely stabilize...
2026-04-11 23:54:49 [INFO] 4. Clicking 'Filtrar'...
2026-04-11 23:54:49 [INFO] Waiting 20s for stations API request to finish...
2026-04-11 23:55:09 [INFO] Status API text: Foram encontrados 0 postos e 0 tomadas
2026-04-11 23:55:09 [INFO] 5. Looking for the Export button...
2026-04-11 23:55:09 [ERROR] Failed to find or download via Export button.
2026-04-11 23:55:09 [INFO] Browser successfully killed to free memory. Run complete.

2026-04-12 00:00:01 [INFO] --- Started scheduled run. Sleeping for 37 seconds (Jitter) ---
2026-04-12 00:00:38 [INFO] Initializing browser...
2026-04-12 00:00:39 [INFO] patching driver executable /home/joao-martins/.local/share/undetected_chromedriver/undetected_chromedriver
2026-04-12 00:00:39 [INFO] 1. Navigating to Mobi.E map...
2026-04-12 00:00:56 [INFO] 2. Clicking 'Postos' tab...
2026-04-12 00:01:01 [INFO] 3. Clicking 'Limpar filtros'...
2026-04-12 00:01:06 [INFO] 3.5. Zooming out 2 times...
2026-04-12 00:01:10 [INFO] Waiting 10s for map bounds to completely stabilize...
2026-04-12 00:01:20 [INFO] 4. Clicking 'Filtrar'...
2026-04-12 00:01:20 [INFO] Waiting 20s for stations API request to finish...
2026-04-12 00:01:40 [INFO] Status API text: Foram encontrados 0 postos e 0 tomadas
2026-04-12 00:01:40 [INFO] 5. Looking for the Export button...
2026-04-12 00:01:40 [ERROR] Failed to find or download via Export button.
2026-04-12 00:01:40 [INFO] Browser successfully killed to free memory. Run complete.

2026-04-12 00:09:01 [INFO] --- Started scheduled run. Sleeping for 27 seconds (Jitter) ---
2026-04-12 00:09:28 [INFO] Initializing browser...
2026-04-12 00:09:29 [INFO] patching driver executable /home/joao-martins/.local/share/undetected_chromedriver/undetected_chromedriver
2026-04-12 00:09:29 [INFO] 1. Navigating to Mobi.E map...
2026-04-12 00:09:46 [INFO] 2. Clicking 'Postos' tab...
2026-04-12 00:09:51 [INFO] 3. Clicking 'Limpar filtros'...
2026-04-12 00:09:56 [INFO] 3.5. Zooming out 2 times...
2026-04-12 00:10:00 [INFO] Waiting 10s for map bounds to completely stabilize...
2026-04-12 00:10:10 [INFO] 4. Clicking 'Filtrar'...
2026-04-12 00:10:10 [INFO] Waiting 20s for stations API request to finish...
2026-04-12 00:10:30 [INFO] Status API text: Foram encontrados 0 postos e 0 tomadas
2026-04-12 00:10:30 [INFO] 5. Looking for the Export button...
2026-04-12 00:10:30 [ERROR] Failed to find or download via Export button.
2026-04-12 00:10:30 [INFO] Browser successfully killed to free memory. Run complete.

2026-04-12 00:18:01 [INFO] --- Started scheduled run. Sleeping for 23 seconds (Jitter) ---
2026-04-12 00:18:24 [INFO] Initializing browser...
2026-04-12 00:18:25 [INFO] patching driver executable /home/joao-martins/.local/share/undetected_chromedriver/undetected_chromedriver
2026-04-12 00:18:25 [INFO] 1. Navigating to Mobi.E map...
2026-04-12 00:18:42 [INFO] 2. Clicking 'Postos' tab...
2026-04-12 00:18:47 [INFO] 3. Clicking 'Limpar filtros'...
2026-04-12 00:18:52 [INFO] 3.5. Zooming out 2 times...
2026-04-12 00:18:56 [INFO] Waiting 10s for map bounds to completely stabilize...
2026-04-12 00:19:06 [INFO] 4. Clicking 'Filtrar'...
2026-04-12 00:19:06 [INFO] Waiting 20s for stations API request to finish...
2026-04-12 00:19:26 [INFO] Status API text: Foram encontrados 0 postos e 0 tomadas
2026-04-12 00:19:26 [INFO] 5. Looking for the Export button...
2026-04-12 00:19:26 [ERROR] Failed to find or download via Export button.
2026-04-12 00:19:26 [INFO] Browser successfully killed to free memory. Run complete.

2026-04-12 00:27:01 [INFO] --- Started scheduled run. Sleeping for 45 seconds (Jitter) ---
2026-04-12 00:27:46 [INFO] Initializing browser...
2026-04-12 00:27:47 [INFO] patching driver executable /home/joao-martins/.local/share/undetected_chromedriver/undetected_chromedriver
2026-04-12 00:27:47 [INFO] 1. Navigating to Mobi.E map...
2026-04-12 00:28:04 [INFO] 2. Clicking 'Postos' tab...
2026-04-12 00:28:09 [INFO] 3. Clicking 'Limpar filtros'...
2026-04-12 00:28:14 [INFO] 3.5. Zooming out 2 times...
2026-04-12 00:28:18 [INFO] Waiting 10s for map bounds to completely stabilize...
2026-04-12 00:28:28 [INFO] 4. Clicking 'Filtrar'...
2026-04-12 00:28:28 [INFO] Waiting 20s for stations API request to finish...
2026-04-12 00:28:48 [INFO] Status API text: Foram encontrados 0 postos e 0 tomadas
2026-04-12 00:28:48 [INFO] 5. Looking for the Export button...
2026-04-12 00:28:48 [ERROR] Failed to find or download via Export button.
2026-04-12 00:28:48 [INFO] Browser successfully killed to free memory. Run complete.

2026-04-12 00:36:01 [INFO] --- Started scheduled run. Sleeping for 5 seconds (Jitter) ---
2026-04-12 00:36:06 [INFO] Initializing browser...
2026-04-12 00:36:07 [INFO] patching driver executable /home/joao-martins/.local/share/undetected_chromedriver/undetected_chromedriver
2026-04-12 00:36:07 [INFO] 1. Navigating to Mobi.E map...
2026-04-12 00:36:24 [INFO] 2. Clicking 'Postos' tab...
2026-04-12 00:36:29 [INFO] 3. Clicking 'Limpar filtros'...
2026-04-12 00:36:34 [INFO] 3.5. Zooming out 2 times...
2026-04-12 00:36:38 [INFO] Waiting 10s for map bounds to completely stabilize...
2026-04-12 00:36:48 [INFO] 4. Clicking 'Filtrar'...
2026-04-12 00:36:48 [INFO] Waiting 20s for stations API request to finish...
2026-04-12 00:37:08 [INFO] Status API text: Foram encontrados 0 postos e 0 tomadas
2026-04-12 00:37:08 [INFO] 5. Looking for the Export button...
2026-04-12 00:37:08 [ERROR] Failed to find or download via Export button.
2026-04-12 00:37:08 [INFO] Browser successfully killed to free memory. Run complete.

2026-04-12 00:45:02 [INFO] --- Started scheduled run. Sleeping for 24 seconds (Jitter) ---
2026-04-12 00:45:26 [INFO] Initializing browser...
2026-04-12 00:45:26 [INFO] patching driver executable /home/joao-martins/.local/share/undetected_chromedriver/undetected_chromedriver
2026-04-12 00:45:27 [INFO] 1. Navigating to Mobi.E map...
2026-04-12 00:45:44 [INFO] 2. Clicking 'Postos' tab...
2026-04-12 00:45:49 [INFO] 3. Clicking 'Limpar filtros'...
2026-04-12 00:45:54 [INFO] 3.5. Zooming out 2 times...
2026-04-12 00:45:58 [INFO] Waiting 10s for map bounds to completely stabilize...
2026-04-12 00:46:08 [INFO] 4. Clicking 'Filtrar'...
2026-04-12 00:46:08 [INFO] Waiting 20s for stations API request to finish...
2026-04-12 00:46:28 [INFO] Status API text: Foram encontrados 0 postos e 0 tomadas
2026-04-12 00:46:28 [INFO] 5. Looking for the Export button...
2026-04-12 00:46:28 [ERROR] Failed to find or download via Export button.
2026-04-12 00:46:28 [INFO] Browser successfully killed to free memory. Run complete.

2026-04-12 00:54:01 [INFO] --- Started scheduled run. Sleeping for 15 seconds (Jitter) ---
2026-04-12 00:54:16 [INFO] Initializing browser...
2026-04-12 00:54:17 [INFO] patching driver executable /home/joao-martins/.local/share/undetected_chromedriver/undetected_chromedriver
2026-04-12 00:54:18 [INFO] 1. Navigating to Mobi.E map...
2026-04-12 00:54:34 [INFO] 2. Clicking 'Postos' tab...
2026-04-12 00:54:39 [INFO] 3. Clicking 'Limpar filtros'...
2026-04-12 00:54:44 [INFO] 3.5. Zooming out 2 times...
2026-04-12 00:54:48 [INFO] Waiting 10s for map bounds to completely stabilize...
2026-04-12 00:54:58 [INFO] 4. Clicking 'Filtrar'...
2026-04-12 00:54:58 [INFO] Waiting 20s for stations API request to finish...
2026-04-12 00:55:18 [INFO] Status API text: Foram encontrados 0 postos e 0 tomadas
2026-04-12 00:55:18 [INFO] 5. Looking for the Export button...
2026-04-12 00:55:18 [ERROR] Failed to find or download via Export button.
2026-04-12 00:55:18 [INFO] Browser successfully killed to free memory. Run complete.

2026-04-12 01:00:01 [INFO] --- Started scheduled run. Sleeping for 19 seconds (Jitter) ---
2026-04-12 01:00:20 [INFO] Initializing browser...
2026-04-12 01:00:21 [INFO] patching driver executable /home/joao-martins/.local/share/undetected_chromedriver/undetected_chromedriver
2026-04-12 01:00:21 [INFO] 1. Navigating to Mobi.E map...
2026-04-12 01:00:39 [INFO] 2. Clicking 'Postos' tab...
2026-04-12 01:00:44 [INFO] 3. Clicking 'Limpar filtros'...
2026-04-12 01:00:49 [INFO] 3.5. Zooming out 2 times...
2026-04-12 01:00:53 [INFO] Waiting 10s for map bounds to completely stabilize...
2026-04-12 01:01:03 [INFO] 4. Clicking 'Filtrar'...
2026-04-12 01:01:03 [INFO] Waiting 20s for stations API request to finish...
2026-04-12 01:01:23 [INFO] Status API text: Foram encontrados 0 postos e 0 tomadas
2026-04-12 01:01:23 [INFO] 5. Looking for the Export button...
2026-04-12 01:01:23 [ERROR] Failed to find or download via Export button.
2026-04-12 01:01:23 [INFO] Browser successfully killed to free memory. Run complete.

2026-04-12 01:09:01 [INFO] --- Started scheduled run. Sleeping for 57 seconds (Jitter) ---
2026-04-12 01:09:58 [INFO] Initializing browser...
2026-04-12 01:09:59 [INFO] patching driver executable /home/joao-martins/.local/share/undetected_chromedriver/undetected_chromedriver
2026-04-12 01:10:00 [INFO] 1. Navigating to Mobi.E map...
2026-04-12 01:10:17 [INFO] 2. Clicking 'Postos' tab...
2026-04-12 01:10:22 [INFO] 3. Clicking 'Limpar filtros'...
2026-04-12 01:10:27 [INFO] 3.5. Zooming out 2 times...
2026-04-12 01:10:31 [INFO] Waiting 10s for map bounds to completely stabilize...
2026-04-12 01:10:41 [INFO] 4. Clicking 'Filtrar'...
2026-04-12 01:10:41 [INFO] Waiting 20s for stations API request to finish...
2026-04-12 01:11:01 [INFO] Status API text: Foram encontrados 7493 postos e 15871 tomadas
2026-04-12 01:11:01 [INFO] 5. Looking for the Export button...
2026-04-12 01:11:01 [INFO] Found blob href. Executing direct JS fetch...
2026-04-12 01:11:01 [INFO] SUCCESS! Saved 20260412_001101Z.csv (3656.71 KB)
2026-04-12 01:11:01 [INFO] Browser successfully killed to free memory. Run complete.

2026-04-12 01:18:01 [INFO] --- Started scheduled run. Sleeping for 25 seconds (Jitter) ---
2026-04-12 01:18:26 [INFO] Initializing browser...
2026-04-12 01:18:27 [INFO] patching driver executable /home/joao-martins/.local/share/undetected_chromedriver/undetected_chromedriver
2026-04-12 01:18:27 [INFO] 1. Navigating to Mobi.E map...
2026-04-12 01:18:44 [INFO] 2. Clicking 'Postos' tab...
2026-04-12 01:18:49 [INFO] 3. Clicking 'Limpar filtros'...
2026-04-12 01:18:54 [INFO] 3.5. Zooming out 2 times...
2026-04-12 01:18:58 [INFO] Waiting 10s for map bounds to completely stabilize...
2026-04-12 01:19:08 [INFO] 4. Clicking 'Filtrar'...
2026-04-12 01:19:08 [INFO] Waiting 20s for stations API request to finish...
2026-04-12 01:19:28 [INFO] Status API text: Foram encontrados 0 postos e 0 tomadas
2026-04-12 01:19:28 [INFO] 5. Looking for the Export button...
2026-04-12 01:19:28 [ERROR] Failed to find or download via Export button.
2026-04-12 01:19:28 [INFO] Browser successfully killed to free memory. Run complete.

2026-04-12 01:27:01 [INFO] --- Started scheduled run. Sleeping for 15 seconds (Jitter) ---
2026-04-12 01:27:16 [INFO] Initializing browser...
2026-04-12 01:27:17 [INFO] patching driver executable /home/joao-martins/.local/share/undetected_chromedriver/undetected_chromedriver
2026-04-12 01:27:17 [INFO] 1. Navigating to Mobi.E map...
2026-04-12 01:27:34 [INFO] 2. Clicking 'Postos' tab...
2026-04-12 01:27:39 [INFO] 3. Clicking 'Limpar filtros'...
2026-04-12 01:27:44 [INFO] 3.5. Zooming out 2 times...
2026-04-12 01:27:48 [INFO] Waiting 10s for map bounds to completely stabilize...
2026-04-12 01:27:58 [INFO] 4. Clicking 'Filtrar'...
2026-04-12 01:27:58 [INFO] Waiting 20s for stations API request to finish...
2026-04-12 01:28:18 [INFO] Status API text: Foram encontrados 0 postos e 0 tomadas
2026-04-12 01:28:18 [INFO] 5. Looking for the Export button...
2026-04-12 01:28:18 [ERROR] Failed to find or download via Export button.
2026-04-12 01:28:18 [INFO] Browser successfully killed to free memory. Run complete.

2026-04-12 01:36:01 [INFO] --- Started scheduled run. Sleeping for 20 seconds (Jitter) ---
2026-04-12 01:36:21 [INFO] Initializing browser...
2026-04-12 01:36:21 [INFO] patching driver executable /home/joao-martins/.local/share/undetected_chromedriver/undetected_chromedriver
2026-04-12 01:36:22 [INFO] 1. Navigating to Mobi.E map...
2026-04-12 01:36:39 [INFO] 2. Clicking 'Postos' tab...
2026-04-12 01:36:44 [INFO] 3. Clicking 'Limpar filtros'...
2026-04-12 01:36:49 [INFO] 3.5. Zooming out 2 times...
2026-04-12 01:36:53 [INFO] Waiting 10s for map bounds to completely stabilize...
2026-04-12 01:37:03 [INFO] 4. Clicking 'Filtrar'...
2026-04-12 01:37:03 [INFO] Waiting 20s for stations API request to finish...
2026-04-12 01:37:23 [INFO] Status API text: Foram encontrados 0 postos e 0 tomadas
2026-04-12 01:37:23 [INFO] 5. Looking for the Export button...
2026-04-12 01:37:23 [ERROR] Failed to find or download via Export button.
2026-04-12 01:37:23 [INFO] Browser successfully killed to free memory. Run complete.

2026-04-12 01:45:01 [INFO] --- Started scheduled run. Sleeping for 37 seconds (Jitter) ---
2026-04-12 01:45:38 [INFO] Initializing browser...
2026-04-12 01:45:39 [INFO] patching driver executable /home/joao-martins/.local/share/undetected_chromedriver/undetected_chromedriver
2026-04-12 01:45:39 [INFO] 1. Navigating to Mobi.E map...
2026-04-12 01:45:56 [INFO] 2. Clicking 'Postos' tab...
2026-04-12 01:46:01 [INFO] 3. Clicking 'Limpar filtros'...
2026-04-12 01:46:06 [INFO] 3.5. Zooming out 2 times...
2026-04-12 01:46:10 [INFO] Waiting 10s for map bounds to completely stabilize...
2026-04-12 01:46:20 [INFO] 4. Clicking 'Filtrar'...
2026-04-12 01:46:20 [INFO] Waiting 20s for stations API request to finish...
2026-04-12 01:46:40 [INFO] Status API text: Foram encontrados 0 postos e 0 tomadas
2026-04-12 01:46:40 [INFO] 5. Looking for the Export button...
2026-04-12 01:46:40 [ERROR] Failed to find or download via Export button.
2026-04-12 01:46:40 [INFO] Browser successfully killed to free memory. Run complete.

2026-04-12 01:54:01 [INFO] --- Started scheduled run. Sleeping for 23 seconds (Jitter) ---
2026-04-12 01:54:24 [INFO] Initializing browser...
2026-04-12 01:54:25 [INFO] patching driver executable /home/joao-martins/.local/share/undetected_chromedriver/undetected_chromedriver
2026-04-12 01:54:25 [INFO] 1. Navigating to Mobi.E map...
2026-04-12 01:54:42 [INFO] 2. Clicking 'Postos' tab...
2026-04-12 01:54:47 [INFO] 3. Clicking 'Limpar filtros'...
2026-04-12 01:54:52 [INFO] 3.5. Zooming out 2 times...
2026-04-12 01:54:56 [INFO] Waiting 10s for map bounds to completely stabilize...
2026-04-12 01:55:06 [INFO] 4. Clicking 'Filtrar'...
2026-04-12 01:55:06 [INFO] Waiting 20s for stations API request to finish...
2026-04-12 01:55:26 [INFO] Status API text: Foram encontrados 0 postos e 0 tomadas
2026-04-12 01:55:26 [INFO] 5. Looking for the Export button...
2026-04-12 01:55:26 [ERROR] Failed to find or download via Export button.
2026-04-12 01:55:26 [INFO] Browser successfully killed to free memory. Run complete.

2026-04-12 02:00:02 [INFO] --- Started scheduled run. Sleeping for 38 seconds (Jitter) ---
2026-04-12 02:00:40 [INFO] Initializing browser...
2026-04-12 02:00:40 [INFO] patching driver executable /home/joao-martins/.local/share/undetected_chromedriver/undetected_chromedriver
2026-04-12 02:00:41 [INFO] 1. Navigating to Mobi.E map...
2026-04-12 02:00:58 [INFO] 2. Clicking 'Postos' tab...
2026-04-12 02:01:03 [INFO] 3. Clicking 'Limpar filtros'...
2026-04-12 02:01:08 [INFO] 3.5. Zooming out 2 times...
2026-04-12 02:01:12 [INFO] Waiting 10s for map bounds to completely stabilize...
2026-04-12 02:01:22 [INFO] 4. Clicking 'Filtrar'...
2026-04-12 02:01:22 [INFO] Waiting 20s for stations API request to finish...
2026-04-12 02:01:42 [INFO] Status API text: Foram encontrados 0 postos e 0 tomadas
2026-04-12 02:01:42 [INFO] 5. Looking for the Export button...
2026-04-12 02:01:42 [ERROR] Failed to find or download via Export button.
2026-04-12 02:01:42 [INFO] Browser successfully killed to free memory. Run complete.

2026-04-12 02:09:02 [INFO] --- Started scheduled run. Sleeping for 22 seconds (Jitter) ---
2026-04-12 02:09:24 [INFO] Initializing browser...
2026-04-12 02:09:24 [INFO] patching driver executable /home/joao-martins/.local/share/undetected_chromedriver/undetected_chromedriver
2026-04-12 02:09:24 [INFO] 1. Navigating to Mobi.E map...
2026-04-12 02:09:42 [INFO] 2. Clicking 'Postos' tab...
2026-04-12 02:09:47 [INFO] 3. Clicking 'Limpar filtros'...
2026-04-12 02:09:52 [INFO] 3.5. Zooming out 2 times...
2026-04-12 02:09:56 [INFO] Waiting 10s for map bounds to completely stabilize...
2026-04-12 02:10:06 [INFO] 4. Clicking 'Filtrar'...
2026-04-12 02:10:06 [INFO] Waiting 20s for stations API request to finish...
2026-04-12 02:10:26 [INFO] Status API text: Foram encontrados 0 postos e 0 tomadas
2026-04-12 02:10:26 [INFO] 5. Looking for the Export button...
2026-04-12 02:10:26 [ERROR] Failed to find or download via Export button.
2026-04-12 02:10:26 [INFO] Browser successfully killed to free memory. Run complete.

2026-04-12 02:18:01 [INFO] --- Started scheduled run. Sleeping for 24 seconds (Jitter) ---
2026-04-12 02:18:25 [INFO] Initializing browser...
2026-04-12 02:18:26 [INFO] patching driver executable /home/joao-martins/.local/share/undetected_chromedriver/undetected_chromedriver
2026-04-12 02:18:26 [INFO] 1. Navigating to Mobi.E map...
2026-04-12 02:18:43 [INFO] 2. Clicking 'Postos' tab...
2026-04-12 02:18:48 [INFO] 3. Clicking 'Limpar filtros'...
2026-04-12 02:18:53 [INFO] 3.5. Zooming out 2 times...
2026-04-12 02:18:57 [INFO] Waiting 10s for map bounds to completely stabilize...
2026-04-12 02:19:07 [INFO] 4. Clicking 'Filtrar'...
2026-04-12 02:19:07 [INFO] Waiting 20s for stations API request to finish...
2026-04-12 02:19:27 [INFO] Status API text: Foram encontrados 0 postos e 0 tomadas
2026-04-12 02:19:27 [INFO] 5. Looking for the Export button...
2026-04-12 02:19:27 [ERROR] Failed to find or download via Export button.
2026-04-12 02:19:27 [INFO] Browser successfully killed to free memory. Run complete.

2026-04-12 02:27:01 [INFO] --- Started scheduled run. Sleeping for 53 seconds (Jitter) ---
2026-04-12 02:27:54 [INFO] Initializing browser...
2026-04-12 02:27:55 [INFO] patching driver executable /home/joao-martins/.local/share/undetected_chromedriver/undetected_chromedriver
2026-04-12 02:27:55 [INFO] 1. Navigating to Mobi.E map...
2026-04-12 02:28:12 [INFO] 2. Clicking 'Postos' tab...
2026-04-12 02:28:17 [INFO] 3. Clicking 'Limpar filtros'...
2026-04-12 02:28:22 [INFO] 3.5. Zooming out 2 times...
2026-04-12 02:28:26 [INFO] Waiting 10s for map bounds to completely stabilize...
2026-04-12 02:28:36 [INFO] 4. Clicking 'Filtrar'...
2026-04-12 02:28:36 [INFO] Waiting 20s for stations API request to finish...
2026-04-12 02:28:56 [INFO] Status API text: Foram encontrados 7497 postos e 15881 tomadas
2026-04-12 02:28:56 [INFO] 5. Looking for the Export button...
2026-04-12 02:28:56 [INFO] Found blob href. Executing direct JS fetch...
2026-04-12 02:28:57 [INFO] SUCCESS! Saved 20260412_012857Z.csv (3659.40 KB)
2026-04-12 02:28:57 [INFO] Browser successfully killed to free memory. Run complete.

2026-04-12 02:36:01 [INFO] --- Started scheduled run. Sleeping for 33 seconds (Jitter) ---
2026-04-12 02:36:34 [INFO] Initializing browser...
2026-04-12 02:36:35 [INFO] patching driver executable /home/joao-martins/.local/share/undetected_chromedriver/undetected_chromedriver
2026-04-12 02:36:35 [INFO] 1. Navigating to Mobi.E map...
2026-04-12 02:36:52 [INFO] 2. Clicking 'Postos' tab...
2026-04-12 02:36:57 [INFO] 3. Clicking 'Limpar filtros'...
2026-04-12 02:37:02 [INFO] 3.5. Zooming out 2 times...
2026-04-12 02:37:06 [INFO] Waiting 10s for map bounds to completely stabilize...
2026-04-12 02:37:16 [INFO] 4. Clicking 'Filtrar'...
2026-04-12 02:37:16 [INFO] Waiting 20s for stations API request to finish...
2026-04-12 02:37:36 [INFO] Status API text: Foram encontrados 0 postos e 0 tomadas
2026-04-12 02:37:36 [INFO] 5. Looking for the Export button...
2026-04-12 02:37:36 [ERROR] Failed to find or download via Export button.
2026-04-12 02:37:36 [INFO] Browser successfully killed to free memory. Run complete.

2026-04-12 02:45:02 [INFO] --- Started scheduled run. Sleeping for 25 seconds (Jitter) ---
2026-04-12 02:45:27 [INFO] Initializing browser...
2026-04-12 02:45:28 [INFO] patching driver executable /home/joao-martins/.local/share/undetected_chromedriver/undetected_chromedriver
2026-04-12 02:45:29 [INFO] 1. Navigating to Mobi.E map...
2026-04-12 02:45:46 [INFO] 2. Clicking 'Postos' tab...
2026-04-12 02:45:51 [INFO] 3. Clicking 'Limpar filtros'...
2026-04-12 02:45:56 [INFO] 3.5. Zooming out 2 times...
2026-04-12 02:46:00 [INFO] Waiting 10s for map bounds to completely stabilize...
2026-04-12 02:46:10 [INFO] 4. Clicking 'Filtrar'...
2026-04-12 02:46:10 [INFO] Waiting 20s for stations API request to finish...
2026-04-12 02:46:30 [INFO] Status API text: Foram encontrados 0 postos e 0 tomadas
2026-04-12 02:46:30 [INFO] 5. Looking for the Export button...
2026-04-12 02:46:30 [ERROR] Failed to find or download via Export button.
2026-04-12 02:46:30 [INFO] Browser successfully killed to free memory. Run complete.

2026-04-12 02:54:01 [INFO] --- Started scheduled run. Sleeping for 20 seconds (Jitter) ---
2026-04-12 02:54:21 [INFO] Initializing browser...
2026-04-12 02:54:22 [INFO] patching driver executable /home/joao-martins/.local/share/undetected_chromedriver/undetected_chromedriver
2026-04-12 02:54:22 [INFO] 1. Navigating to Mobi.E map...
2026-04-12 02:54:39 [INFO] 2. Clicking 'Postos' tab...
2026-04-12 02:54:44 [INFO] 3. Clicking 'Limpar filtros'...
2026-04-12 02:54:49 [INFO] 3.5. Zooming out 2 times...
2026-04-12 02:54:54 [INFO] Waiting 10s for map bounds to completely stabilize...
2026-04-12 02:55:04 [INFO] 4. Clicking 'Filtrar'...
2026-04-12 02:55:04 [INFO] Waiting 20s for stations API request to finish...
2026-04-12 02:55:24 [INFO] Status API text: Foram encontrados 7494 postos e 15874 tomadas
2026-04-12 02:55:24 [INFO] 5. Looking for the Export button...
2026-04-12 02:55:24 [INFO] Found blob href. Executing direct JS fetch...
2026-04-12 02:55:24 [INFO] SUCCESS! Saved 20260412_015524Z.csv (3658.01 KB)
2026-04-12 02:55:24 [INFO] Browser successfully killed to free memory. Run complete.

2026-04-12 03:00:02 [INFO] --- Started scheduled run. Sleeping for 37 seconds (Jitter) ---
2026-04-12 03:09:01 [INFO] --- Started scheduled run. Sleeping for 21 seconds (Jitter) ---
2026-04-12 03:09:22 [INFO] Initializing browser...
2026-04-12 03:09:23 [INFO] patching driver executable /home/joao-martins/.local/share/undetected_chromedriver/undetected_chromedriver
2026-04-12 03:09:24 [INFO] 1. Navigating to Mobi.E map...
2026-04-12 03:09:42 [INFO] 2. Clicking 'Postos' tab...
2026-04-12 03:09:47 [INFO] 3. Clicking 'Limpar filtros'...
2026-04-12 03:09:52 [INFO] 3.5. Zooming out 2 times...
2026-04-12 03:09:56 [INFO] Waiting 10s for map bounds to completely stabilize...
2026-04-12 03:10:06 [INFO] 4. Clicking 'Filtrar'...
2026-04-12 03:10:06 [INFO] Waiting 20s for stations API request to finish...
2026-04-12 03:10:26 [INFO] Status API text: Foram encontrados 0 postos e 0 tomadas
2026-04-12 03:10:26 [INFO] 5. Looking for the Export button...
2026-04-12 03:10:26 [ERROR] Failed to find or download via Export button.
2026-04-12 03:10:26 [INFO] Browser successfully killed to free memory. Run complete.

2026-04-12 03:18:01 [INFO] --- Started scheduled run. Sleeping for 27 seconds (Jitter) ---
2026-04-12 03:18:28 [INFO] Initializing browser...
2026-04-12 03:18:28 [INFO] patching driver executable /home/joao-martins/.local/share/undetected_chromedriver/undetected_chromedriver
2026-04-12 03:18:29 [INFO] 1. Navigating to Mobi.E map...
2026-04-12 03:18:46 [INFO] 2. Clicking 'Postos' tab...
2026-04-12 03:18:51 [INFO] 3. Clicking 'Limpar filtros'...
2026-04-12 03:18:56 [INFO] 3.5. Zooming out 2 times...
2026-04-12 03:19:00 [INFO] Waiting 10s for map bounds to completely stabilize...
2026-04-12 03:19:10 [INFO] 4. Clicking 'Filtrar'...
2026-04-12 03:19:10 [INFO] Waiting 20s for stations API request to finish...
2026-04-12 03:19:30 [INFO] Status API text: Foram encontrados 0 postos e 0 tomadas
2026-04-12 03:19:30 [INFO] 5. Looking for the Export button...
2026-04-12 03:19:30 [ERROR] Failed to find or download via Export button.
2026-04-12 03:19:30 [INFO] Browser successfully killed to free memory. Run complete.

2026-04-12 03:27:01 [INFO] --- Started scheduled run. Sleeping for 56 seconds (Jitter) ---
2026-04-12 03:27:57 [INFO] Initializing browser...
2026-04-12 03:27:58 [INFO] patching driver executable /home/joao-martins/.local/share/undetected_chromedriver/undetected_chromedriver
2026-04-12 03:27:58 [INFO] 1. Navigating to Mobi.E map...
2026-04-12 03:28:15 [INFO] 2. Clicking 'Postos' tab...
2026-04-12 03:28:20 [INFO] 3. Clicking 'Limpar filtros'...
2026-04-12 03:28:25 [INFO] 3.5. Zooming out 2 times...
2026-04-12 03:28:29 [INFO] Waiting 10s for map bounds to completely stabilize...
2026-04-12 03:28:39 [INFO] 4. Clicking 'Filtrar'...
2026-04-12 03:28:39 [INFO] Waiting 20s for stations API request to finish...
2026-04-12 03:28:59 [INFO] Status API text: Foram encontrados 0 postos e 0 tomadas
2026-04-12 03:28:59 [INFO] 5. Looking for the Export button...
2026-04-12 03:28:59 [ERROR] Failed to find or download via Export button.
2026-04-12 03:28:59 [INFO] Browser successfully killed to free memory. Run complete.

2026-04-12 03:36:01 [INFO] --- Started scheduled run. Sleeping for 4 seconds (Jitter) ---
2026-04-12 03:36:05 [INFO] Initializing browser...
2026-04-12 03:36:06 [INFO] patching driver executable /home/joao-martins/.local/share/undetected_chromedriver/undetected_chromedriver
2026-04-12 03:36:06 [INFO] 1. Navigating to Mobi.E map...
2026-04-12 03:36:21 [INFO] 2. Clicking 'Postos' tab...
2026-04-12 03:36:26 [INFO] 3. Clicking 'Limpar filtros'...
2026-04-12 03:36:26 [INFO] 3.5. Zooming out 2 times...
2026-04-12 03:36:26 [INFO] Waiting 10s for map bounds to completely stabilize...
2026-04-12 03:36:36 [INFO] 4. Clicking 'Filtrar'...
2026-04-12 03:36:36 [INFO] Waiting 20s for stations API request to finish...
2026-04-12 03:36:56 [INFO] 5. Looking for the Export button...
2026-04-12 03:36:56 [ERROR] Failed to find or download via Export button.
2026-04-12 03:36:56 [INFO] Browser successfully killed to free memory. Run complete.

2026-04-12 03:45:01 [INFO] --- Started scheduled run. Sleeping for 5 seconds (Jitter) ---
2026-04-12 03:45:06 [INFO] Initializing browser...
2026-04-12 03:45:07 [INFO] patching driver executable /home/joao-martins/.local/share/undetected_chromedriver/undetected_chromedriver
2026-04-12 03:45:07 [INFO] 1. Navigating to Mobi.E map...
2026-04-12 03:45:22 [INFO] 2. Clicking 'Postos' tab...
2026-04-12 03:45:27 [INFO] 3. Clicking 'Limpar filtros'...
2026-04-12 03:45:27 [INFO] 3.5. Zooming out 2 times...
2026-04-12 03:45:27 [INFO] Waiting 10s for map bounds to completely stabilize...
2026-04-12 03:45:37 [INFO] 4. Clicking 'Filtrar'...
2026-04-12 03:45:37 [INFO] Waiting 20s for stations API request to finish...
2026-04-12 03:45:57 [INFO] 5. Looking for the Export button...
2026-04-12 03:45:57 [ERROR] Failed to find or download via Export button.
2026-04-12 03:45:57 [INFO] Browser successfully killed to free memory. Run complete.

2026-04-12 03:54:01 [INFO] --- Started scheduled run. Sleeping for 30 seconds (Jitter) ---
2026-04-12 03:54:31 [INFO] Initializing browser...
2026-04-12 03:54:32 [INFO] patching driver executable /home/joao-martins/.local/share/undetected_chromedriver/undetected_chromedriver
2026-04-12 03:54:32 [INFO] 1. Navigating to Mobi.E map...
2026-04-12 03:54:50 [INFO] 2. Clicking 'Postos' tab...
2026-04-12 03:54:55 [INFO] 3. Clicking 'Limpar filtros'...
2026-04-12 03:55:00 [INFO] 3.5. Zooming out 2 times...
2026-04-12 03:55:04 [INFO] Waiting 10s for map bounds to completely stabilize...
2026-04-12 03:55:14 [INFO] 4. Clicking 'Filtrar'...
2026-04-12 03:55:14 [INFO] Waiting 20s for stations API request to finish...
2026-04-12 03:55:34 [INFO] Status API text: Foram encontrados 0 postos e 0 tomadas
2026-04-12 03:55:34 [INFO] 5. Looking for the Export button...
2026-04-12 03:55:34 [ERROR] Failed to find or download via Export button.
2026-04-12 03:55:34 [INFO] Browser successfully killed to free memory. Run complete.

2026-04-12 04:00:01 [INFO] --- Started scheduled run. Sleeping for 50 seconds (Jitter) ---
2026-04-12 04:00:51 [INFO] Initializing browser...
2026-04-12 04:00:52 [INFO] patching driver executable /home/joao-martins/.local/share/undetected_chromedriver/undetected_chromedriver
2026-04-12 04:00:52 [INFO] 1. Navigating to Mobi.E map...
2026-04-12 04:01:09 [INFO] 2. Clicking 'Postos' tab...
2026-04-12 04:01:14 [INFO] 3. Clicking 'Limpar filtros'...
2026-04-12 04:01:19 [INFO] 3.5. Zooming out 2 times...
2026-04-12 04:01:23 [INFO] Waiting 10s for map bounds to completely stabilize...
2026-04-12 04:01:33 [INFO] 4. Clicking 'Filtrar'...
2026-04-12 04:01:33 [INFO] Waiting 20s for stations API request to finish...
2026-04-12 04:01:53 [INFO] Status API text: Foram encontrados 0 postos e 0 tomadas
2026-04-12 04:01:53 [INFO] 5. Looking for the Export button...
2026-04-12 04:01:53 [ERROR] Failed to find or download via Export button.
2026-04-12 04:01:53 [INFO] Browser successfully killed to free memory. Run complete.

2026-04-12 04:09:01 [INFO] --- Started scheduled run. Sleeping for 16 seconds (Jitter) ---
2026-04-12 04:09:17 [INFO] Initializing browser...
2026-04-12 04:09:18 [INFO] patching driver executable /home/joao-martins/.local/share/undetected_chromedriver/undetected_chromedriver
2026-04-12 04:09:18 [INFO] 1. Navigating to Mobi.E map...
2026-04-12 04:09:35 [INFO] 2. Clicking 'Postos' tab...
2026-04-12 04:09:40 [INFO] 3. Clicking 'Limpar filtros'...
2026-04-12 04:09:45 [INFO] 3.5. Zooming out 2 times...
2026-04-12 04:09:49 [INFO] Waiting 10s for map bounds to completely stabilize...
2026-04-12 04:09:59 [INFO] 4. Clicking 'Filtrar'...
2026-04-12 04:09:59 [INFO] Waiting 20s for stations API request to finish...
2026-04-12 04:10:19 [INFO] Status API text: Foram encontrados 0 postos e 0 tomadas
2026-04-12 04:10:19 [INFO] 5. Looking for the Export button...
2026-04-12 04:10:19 [ERROR] Failed to find or download via Export button.
2026-04-12 04:10:19 [INFO] Browser successfully killed to free memory. Run complete.

2026-04-12 04:18:01 [INFO] --- Started scheduled run. Sleeping for 38 seconds (Jitter) ---
2026-04-12 04:18:39 [INFO] Initializing browser...
2026-04-12 04:18:39 [INFO] patching driver executable /home/joao-martins/.local/share/undetected_chromedriver/undetected_chromedriver
2026-04-12 04:18:40 [INFO] 1. Navigating to Mobi.E map...
2026-04-12 04:18:57 [INFO] 2. Clicking 'Postos' tab...
2026-04-12 04:19:02 [INFO] 3. Clicking 'Limpar filtros'...
2026-04-12 04:19:07 [INFO] 3.5. Zooming out 2 times...
2026-04-12 04:19:11 [INFO] Waiting 10s for map bounds to completely stabilize...
2026-04-12 04:19:21 [INFO] 4. Clicking 'Filtrar'...
2026-04-12 04:19:21 [INFO] Waiting 20s for stations API request to finish...
2026-04-12 04:19:41 [INFO] Status API text: Foram encontrados 7492 postos e 15873 tomadas
2026-04-12 04:19:41 [INFO] 5. Looking for the Export button...
2026-04-12 04:19:41 [INFO] Found blob href. Executing direct JS fetch...
2026-04-12 04:19:41 [INFO] SUCCESS! Saved 20260412_031941Z.csv (3658.33 KB)
2026-04-12 04:19:41 [INFO] Browser successfully killed to free memory. Run complete.

2026-04-12 04:27:01 [INFO] --- Started scheduled run. Sleeping for 60 seconds (Jitter) ---
2026-04-12 04:28:01 [INFO] Initializing browser...
2026-04-12 04:28:02 [INFO] patching driver executable /home/joao-martins/.local/share/undetected_chromedriver/undetected_chromedriver
2026-04-12 04:28:02 [INFO] 1. Navigating to Mobi.E map...
2026-04-12 04:28:19 [INFO] 2. Clicking 'Postos' tab...
2026-04-12 04:28:24 [INFO] 3. Clicking 'Limpar filtros'...
2026-04-12 04:28:30 [INFO] 3.5. Zooming out 2 times...
2026-04-12 04:28:34 [INFO] Waiting 10s for map bounds to completely stabilize...
2026-04-12 04:28:44 [INFO] 4. Clicking 'Filtrar'...
2026-04-12 04:28:44 [INFO] Waiting 20s for stations API request to finish...
2026-04-12 04:29:04 [INFO] Status API text: Foram encontrados 7490 postos e 15868 tomadas
2026-04-12 04:29:04 [INFO] 5. Looking for the Export button...
2026-04-12 04:29:04 [INFO] Found blob href. Executing direct JS fetch...
2026-04-12 04:29:04 [INFO] SUCCESS! Saved 20260412_032904Z.csv (3657.20 KB)
2026-04-12 04:29:04 [INFO] Browser successfully killed to free memory. Run complete.

2026-04-12 04:36:01 [INFO] --- Started scheduled run. Sleeping for 45 seconds (Jitter) ---
2026-04-12 04:36:46 [INFO] Initializing browser...
2026-04-12 04:36:47 [INFO] patching driver executable /home/joao-martins/.local/share/undetected_chromedriver/undetected_chromedriver
2026-04-12 04:36:47 [INFO] 1. Navigating to Mobi.E map...
2026-04-12 04:37:04 [INFO] 2. Clicking 'Postos' tab...
2026-04-12 04:37:09 [INFO] 3. Clicking 'Limpar filtros'...
2026-04-12 04:37:14 [INFO] 3.5. Zooming out 2 times...
2026-04-12 04:37:18 [INFO] Waiting 10s for map bounds to completely stabilize...
2026-04-12 04:37:28 [INFO] 4. Clicking 'Filtrar'...
2026-04-12 04:37:28 [INFO] Waiting 20s for stations API request to finish...
2026-04-12 04:37:48 [INFO] Status API text: Foram encontrados 7492 postos e 15872 tomadas
2026-04-12 04:37:48 [INFO] 5. Looking for the Export button...
2026-04-12 04:37:48 [INFO] Found blob href. Executing direct JS fetch...
2026-04-12 04:37:48 [INFO] SUCCESS! Saved 20260412_033748Z.csv (3658.25 KB)
2026-04-12 04:37:48 [INFO] Browser successfully killed to free memory. Run complete.

2026-04-12 04:45:01 [INFO] --- Started scheduled run. Sleeping for 33 seconds (Jitter) ---
2026-04-12 04:45:34 [INFO] Initializing browser...
2026-04-12 04:45:35 [INFO] patching driver executable /home/joao-martins/.local/share/undetected_chromedriver/undetected_chromedriver
2026-04-12 04:45:35 [INFO] 1. Navigating to Mobi.E map...
2026-04-12 04:45:52 [INFO] 2. Clicking 'Postos' tab...
2026-04-12 04:45:57 [INFO] 3. Clicking 'Limpar filtros'...
2026-04-12 04:46:02 [INFO] 3.5. Zooming out 2 times...
2026-04-12 04:46:06 [INFO] Waiting 10s for map bounds to completely stabilize...
2026-04-12 04:46:16 [INFO] 4. Clicking 'Filtrar'...
2026-04-12 04:46:16 [INFO] Waiting 20s for stations API request to finish...
2026-04-12 04:46:36 [INFO] Status API text: Foram encontrados 0 postos e 0 tomadas
2026-04-12 04:46:36 [INFO] 5. Looking for the Export button...
2026-04-12 04:46:36 [ERROR] Failed to find or download via Export button.
2026-04-12 04:46:36 [INFO] Browser successfully killed to free memory. Run complete.

2026-04-12 04:54:01 [INFO] --- Started scheduled run. Sleeping for 9 seconds (Jitter) ---
2026-04-12 04:54:10 [INFO] Initializing browser...
2026-04-12 04:54:11 [INFO] patching driver executable /home/joao-martins/.local/share/undetected_chromedriver/undetected_chromedriver
2026-04-12 04:54:11 [INFO] 1. Navigating to Mobi.E map...
2026-04-12 04:54:28 [INFO] 2. Clicking 'Postos' tab...
2026-04-12 04:54:33 [INFO] 3. Clicking 'Limpar filtros'...
2026-04-12 04:54:38 [INFO] 3.5. Zooming out 2 times...
2026-04-12 04:54:42 [INFO] Waiting 10s for map bounds to completely stabilize...
2026-04-12 04:54:52 [INFO] 4. Clicking 'Filtrar'...
2026-04-12 04:54:52 [INFO] Waiting 20s for stations API request to finish...
2026-04-12 04:55:12 [INFO] Status API text: Foram encontrados 0 postos e 0 tomadas
2026-04-12 04:55:12 [INFO] 5. Looking for the Export button...
2026-04-12 04:55:12 [ERROR] Failed to find or download via Export button.
2026-04-12 04:55:12 [INFO] Browser successfully killed to free memory. Run complete.

2026-04-12 05:00:01 [INFO] --- Started scheduled run. Sleeping for 26 seconds (Jitter) ---
2026-04-12 05:00:27 [INFO] Initializing browser...
2026-04-12 05:00:28 [INFO] patching driver executable /home/joao-martins/.local/share/undetected_chromedriver/undetected_chromedriver
2026-04-12 05:00:28 [INFO] 1. Navigating to Mobi.E map...
2026-04-12 05:00:45 [INFO] 2. Clicking 'Postos' tab...
2026-04-12 05:00:50 [INFO] 3. Clicking 'Limpar filtros'...
2026-04-12 05:00:55 [INFO] 3.5. Zooming out 2 times...
2026-04-12 05:00:59 [INFO] Waiting 10s for map bounds to completely stabilize...
2026-04-12 05:01:09 [INFO] 4. Clicking 'Filtrar'...
2026-04-12 05:01:09 [INFO] Waiting 20s for stations API request to finish...
2026-04-12 05:01:29 [INFO] Status API text: Foram encontrados 0 postos e 0 tomadas
2026-04-12 05:01:29 [INFO] 5. Looking for the Export button...
2026-04-12 05:01:29 [ERROR] Failed to find or download via Export button.
2026-04-12 05:01:29 [INFO] Browser successfully killed to free memory. Run complete.

2026-04-12 05:09:01 [INFO] --- Started scheduled run. Sleeping for 9 seconds (Jitter) ---
2026-04-12 05:09:10 [INFO] Initializing browser...
2026-04-12 05:09:10 [INFO] patching driver executable /home/joao-martins/.local/share/undetected_chromedriver/undetected_chromedriver
2026-04-12 05:09:11 [INFO] 1. Navigating to Mobi.E map...
2026-04-12 05:09:28 [INFO] 2. Clicking 'Postos' tab...
2026-04-12 05:09:33 [INFO] 3. Clicking 'Limpar filtros'...
2026-04-12 05:09:38 [INFO] 3.5. Zooming out 2 times...
2026-04-12 05:09:42 [INFO] Waiting 10s for map bounds to completely stabilize...
2026-04-12 05:09:52 [INFO] 4. Clicking 'Filtrar'...
2026-04-12 05:09:52 [INFO] Waiting 20s for stations API request to finish...
2026-04-12 05:10:12 [INFO] Status API text: Foram encontrados 0 postos e 0 tomadas
2026-04-12 05:10:12 [INFO] 5. Looking for the Export button...
2026-04-12 05:10:12 [ERROR] Failed to find or download via Export button.
2026-04-12 05:10:12 [INFO] Browser successfully killed to free memory. Run complete.

2026-04-12 05:18:01 [INFO] --- Started scheduled run. Sleeping for 46 seconds (Jitter) ---
2026-04-12 05:18:47 [INFO] Initializing browser...
2026-04-12 05:18:47 [INFO] patching driver executable /home/joao-martins/.local/share/undetected_chromedriver/undetected_chromedriver
2026-04-12 05:18:48 [INFO] 1. Navigating to Mobi.E map...
2026-04-12 05:19:05 [INFO] 2. Clicking 'Postos' tab...
2026-04-12 05:19:10 [INFO] 3. Clicking 'Limpar filtros'...
2026-04-12 05:19:15 [INFO] 3.5. Zooming out 2 times...
2026-04-12 05:19:19 [INFO] Waiting 10s for map bounds to completely stabilize...
2026-04-12 05:19:29 [INFO] 4. Clicking 'Filtrar'...
2026-04-12 05:19:29 [INFO] Waiting 20s for stations API request to finish...
2026-04-12 05:19:49 [INFO] Status API text: Foram encontrados 0 postos e 0 tomadas
2026-04-12 05:19:49 [INFO] 5. Looking for the Export button...
2026-04-12 05:19:49 [ERROR] Failed to find or download via Export button.
2026-04-12 05:19:49 [INFO] Browser successfully killed to free memory. Run complete.

2026-04-12 05:27:01 [INFO] --- Started scheduled run. Sleeping for 37 seconds (Jitter) ---
2026-04-12 05:27:38 [INFO] Initializing browser...
2026-04-12 05:27:39 [INFO] patching driver executable /home/joao-martins/.local/share/undetected_chromedriver/undetected_chromedriver
2026-04-12 05:27:39 [INFO] 1. Navigating to Mobi.E map...
2026-04-12 05:27:56 [INFO] 2. Clicking 'Postos' tab...
2026-04-12 05:28:01 [INFO] 3. Clicking 'Limpar filtros'...
2026-04-12 05:28:06 [INFO] 3.5. Zooming out 2 times...
2026-04-12 05:28:10 [INFO] Waiting 10s for map bounds to completely stabilize...
2026-04-12 05:28:20 [INFO] 4. Clicking 'Filtrar'...
2026-04-12 05:28:20 [INFO] Waiting 20s for stations API request to finish...
2026-04-12 05:28:40 [INFO] Status API text: Foram encontrados 0 postos e 0 tomadas
2026-04-12 05:28:40 [INFO] 5. Looking for the Export button...
2026-04-12 05:28:40 [ERROR] Failed to find or download via Export button.
2026-04-12 05:28:40 [INFO] Browser successfully killed to free memory. Run complete.

2026-04-12 05:36:01 [INFO] --- Started scheduled run. Sleeping for 26 seconds (Jitter) ---
2026-04-12 05:36:27 [INFO] Initializing browser...
2026-04-12 05:36:28 [INFO] patching driver executable /home/joao-martins/.local/share/undetected_chromedriver/undetected_chromedriver
2026-04-12 05:36:28 [INFO] 1. Navigating to Mobi.E map...
2026-04-12 05:36:45 [INFO] 2. Clicking 'Postos' tab...
2026-04-12 05:36:50 [INFO] 3. Clicking 'Limpar filtros'...
2026-04-12 05:36:55 [INFO] 3.5. Zooming out 2 times...
2026-04-12 05:36:59 [INFO] Waiting 10s for map bounds to completely stabilize...
2026-04-12 05:37:09 [INFO] 4. Clicking 'Filtrar'...
2026-04-12 05:37:09 [INFO] Waiting 20s for stations API request to finish...
2026-04-12 05:37:29 [INFO] Status API text: Foram encontrados 0 postos e 0 tomadas
2026-04-12 05:37:29 [INFO] 5. Looking for the Export button...
2026-04-12 05:37:29 [ERROR] Failed to find or download via Export button.
2026-04-12 05:37:29 [INFO] Browser successfully killed to free memory. Run complete.

2026-04-12 05:45:02 [INFO] --- Started scheduled run. Sleeping for 24 seconds (Jitter) ---
2026-04-12 05:45:26 [INFO] Initializing browser...
2026-04-12 05:45:26 [INFO] patching driver executable /home/joao-martins/.local/share/undetected_chromedriver/undetected_chromedriver
2026-04-12 05:45:26 [INFO] 1. Navigating to Mobi.E map...
2026-04-12 05:45:43 [INFO] 2. Clicking 'Postos' tab...
2026-04-12 05:45:49 [INFO] 3. Clicking 'Limpar filtros'...
2026-04-12 05:45:54 [INFO] 3.5. Zooming out 2 times...
2026-04-12 05:45:58 [INFO] Waiting 10s for map bounds to completely stabilize...
2026-04-12 05:46:08 [INFO] 4. Clicking 'Filtrar'...
2026-04-12 05:46:08 [INFO] Waiting 20s for stations API request to finish...
2026-04-12 05:46:28 [INFO] Status API text: Foram encontrados 7489 postos e 15869 tomadas
2026-04-12 05:46:28 [INFO] 5. Looking for the Export button...
2026-04-12 05:46:28 [INFO] Found blob href. Executing direct JS fetch...
2026-04-12 05:46:28 [INFO] SUCCESS! Saved 20260412_044628Z.csv (3657.09 KB)
2026-04-12 05:46:28 [INFO] Browser successfully killed to free memory. Run complete.

2026-04-12 05:54:01 [INFO] --- Started scheduled run. Sleeping for 29 seconds (Jitter) ---
2026-04-12 05:54:30 [INFO] Initializing browser...
2026-04-12 05:54:31 [INFO] patching driver executable /home/joao-martins/.local/share/undetected_chromedriver/undetected_chromedriver
2026-04-12 05:54:31 [INFO] 1. Navigating to Mobi.E map...
2026-04-12 05:54:48 [INFO] 2. Clicking 'Postos' tab...
2026-04-12 05:54:53 [INFO] 3. Clicking 'Limpar filtros'...
2026-04-12 05:54:58 [INFO] 3.5. Zooming out 2 times...
2026-04-12 05:55:02 [INFO] Waiting 10s for map bounds to completely stabilize...
2026-04-12 05:55:12 [INFO] 4. Clicking 'Filtrar'...
2026-04-12 05:55:12 [INFO] Waiting 20s for stations API request to finish...
2026-04-12 05:55:32 [INFO] Status API text: Foram encontrados 0 postos e 0 tomadas
2026-04-12 05:55:32 [INFO] 5. Looking for the Export button...
2026-04-12 05:55:32 [ERROR] Failed to find or download via Export button.
2026-04-12 05:55:32 [INFO] Browser successfully killed to free memory. Run complete.

2026-04-12 06:00:01 [INFO] --- Started scheduled run. Sleeping for 38 seconds (Jitter) ---
2026-04-12 06:00:39 [INFO] Initializing browser...
2026-04-12 06:00:40 [INFO] patching driver executable /home/joao-martins/.local/share/undetected_chromedriver/undetected_chromedriver
2026-04-12 06:00:40 [INFO] 1. Navigating to Mobi.E map...
2026-04-12 06:00:57 [INFO] 2. Clicking 'Postos' tab...
2026-04-12 06:01:02 [INFO] 3. Clicking 'Limpar filtros'...
2026-04-12 06:01:07 [INFO] 3.5. Zooming out 2 times...
2026-04-12 06:01:11 [INFO] Waiting 10s for map bounds to completely stabilize...
2026-04-12 06:01:21 [INFO] 4. Clicking 'Filtrar'...
2026-04-12 06:01:21 [INFO] Waiting 20s for stations API request to finish...
2026-04-12 06:01:41 [INFO] Status API text: Foram encontrados 0 postos e 0 tomadas
2026-04-12 06:01:41 [INFO] 5. Looking for the Export button...
2026-04-12 06:01:41 [ERROR] Failed to find or download via Export button.
2026-04-12 06:01:41 [INFO] Browser successfully killed to free memory. Run complete.

2026-04-12 06:09:01 [INFO] --- Started scheduled run. Sleeping for 22 seconds (Jitter) ---
2026-04-12 06:09:23 [INFO] Initializing browser...
2026-04-12 06:09:24 [INFO] patching driver executable /home/joao-martins/.local/share/undetected_chromedriver/undetected_chromedriver
2026-04-12 06:09:24 [INFO] 1. Navigating to Mobi.E map...
2026-04-12 06:09:41 [INFO] 2. Clicking 'Postos' tab...
2026-04-12 06:09:46 [INFO] 3. Clicking 'Limpar filtros'...
2026-04-12 06:09:51 [INFO] 3.5. Zooming out 2 times...
2026-04-12 06:09:55 [INFO] Waiting 10s for map bounds to completely stabilize...
2026-04-12 06:10:05 [INFO] 4. Clicking 'Filtrar'...
2026-04-12 06:10:05 [INFO] Waiting 20s for stations API request to finish...
2026-04-12 06:10:25 [INFO] Status API text: Foram encontrados 0 postos e 0 tomadas
2026-04-12 06:10:25 [INFO] 5. Looking for the Export button...
2026-04-12 06:10:25 [ERROR] Failed to find or download via Export button.
2026-04-12 06:10:25 [INFO] Browser successfully killed to free memory. Run complete.

2026-04-12 06:18:02 [INFO] --- Started scheduled run. Sleeping for 22 seconds (Jitter) ---
2026-04-12 06:18:24 [INFO] Initializing browser...
2026-04-12 06:18:24 [INFO] patching driver executable /home/joao-martins/.local/share/undetected_chromedriver/undetected_chromedriver
2026-04-12 06:18:25 [INFO] 1. Navigating to Mobi.E map...
2026-04-12 06:18:42 [INFO] 2. Clicking 'Postos' tab...
2026-04-12 06:18:47 [INFO] 3. Clicking 'Limpar filtros'...
2026-04-12 06:18:52 [INFO] 3.5. Zooming out 2 times...
2026-04-12 06:18:56 [INFO] Waiting 10s for map bounds to completely stabilize...
2026-04-12 06:19:06 [INFO] 4. Clicking 'Filtrar'...
2026-04-12 06:19:06 [INFO] Waiting 20s for stations API request to finish...
2026-04-12 06:19:26 [INFO] Status API text: Foram encontrados 7490 postos e 15871 tomadas
2026-04-12 06:19:26 [INFO] 5. Looking for the Export button...
2026-04-12 06:19:26 [INFO] Found blob href. Executing direct JS fetch...
2026-04-12 06:19:26 [INFO] SUCCESS! Saved 20260412_051926Z.csv (3658.01 KB)
2026-04-12 06:19:26 [INFO] Browser successfully killed to free memory. Run complete.

2026-04-12 06:27:01 [INFO] --- Started scheduled run. Sleeping for 58 seconds (Jitter) ---
2026-04-12 06:27:59 [INFO] Initializing browser...
2026-04-12 06:28:00 [INFO] patching driver executable /home/joao-martins/.local/share/undetected_chromedriver/undetected_chromedriver
2026-04-12 06:28:00 [INFO] 1. Navigating to Mobi.E map...
2026-04-12 06:28:17 [INFO] 2. Clicking 'Postos' tab...
2026-04-12 06:28:22 [INFO] 3. Clicking 'Limpar filtros'...
2026-04-12 06:28:27 [INFO] 3.5. Zooming out 2 times...
2026-04-12 06:28:31 [INFO] Waiting 10s for map bounds to completely stabilize...
2026-04-12 06:28:41 [INFO] 4. Clicking 'Filtrar'...
2026-04-12 06:28:41 [INFO] Waiting 20s for stations API request to finish...
2026-04-12 06:29:01 [INFO] Status API text: Foram encontrados 0 postos e 0 tomadas
2026-04-12 06:29:01 [INFO] 5. Looking for the Export button...
2026-04-12 06:29:01 [ERROR] Failed to find or download via Export button.
2026-04-12 06:29:01 [INFO] Browser successfully killed to free memory. Run complete.

2026-04-12 06:36:01 [INFO] --- Started scheduled run. Sleeping for 52 seconds (Jitter) ---
2026-04-12 06:36:53 [INFO] Initializing browser...
2026-04-12 06:36:53 [INFO] patching driver executable /home/joao-martins/.local/share/undetected_chromedriver/undetected_chromedriver
2026-04-12 06:36:54 [INFO] 1. Navigating to Mobi.E map...
2026-04-12 06:37:10 [INFO] 2. Clicking 'Postos' tab...
2026-04-12 06:37:16 [INFO] 3. Clicking 'Limpar filtros'...
2026-04-12 06:37:21 [INFO] 3.5. Zooming out 2 times...
2026-04-12 06:37:25 [INFO] Waiting 10s for map bounds to completely stabilize...
2026-04-12 06:37:35 [INFO] 4. Clicking 'Filtrar'...
2026-04-12 06:37:35 [INFO] Waiting 20s for stations API request to finish...
2026-04-12 06:37:55 [INFO] Status API text: Foram encontrados 7488 postos e 15867 tomadas
2026-04-12 06:37:55 [INFO] 5. Looking for the Export button...
2026-04-12 06:37:55 [INFO] Found blob href. Executing direct JS fetch...
2026-04-12 06:37:55 [INFO] SUCCESS! Saved 20260412_053755Z.csv (3657.09 KB)
2026-04-12 06:37:55 [INFO] Browser successfully killed to free memory. Run complete.

2026-04-12 06:45:01 [INFO] --- Started scheduled run. Sleeping for 32 seconds (Jitter) ---
2026-04-12 06:45:33 [INFO] Initializing browser...
2026-04-12 06:45:33 [INFO] patching driver executable /home/joao-martins/.local/share/undetected_chromedriver/undetected_chromedriver
2026-04-12 06:45:34 [INFO] 1. Navigating to Mobi.E map...
2026-04-12 06:45:51 [INFO] 2. Clicking 'Postos' tab...
2026-04-12 06:45:56 [INFO] 3. Clicking 'Limpar filtros'...
2026-04-12 06:46:01 [INFO] 3.5. Zooming out 2 times...
2026-04-12 06:46:05 [INFO] Waiting 10s for map bounds to completely stabilize...
2026-04-12 06:46:15 [INFO] 4. Clicking 'Filtrar'...
2026-04-12 06:46:15 [INFO] Waiting 20s for stations API request to finish...
2026-04-12 06:46:35 [INFO] Status API text: Foram encontrados 0 postos e 0 tomadas
2026-04-12 06:46:35 [INFO] 5. Looking for the Export button...
2026-04-12 06:46:35 [ERROR] Failed to find or download via Export button.
2026-04-12 06:46:35 [INFO] Browser successfully killed to free memory. Run complete.

2026-04-12 06:54:02 [INFO] --- Started scheduled run. Sleeping for 8 seconds (Jitter) ---
2026-04-12 06:54:10 [INFO] Initializing browser...
2026-04-12 06:54:10 [INFO] patching driver executable /home/joao-martins/.local/share/undetected_chromedriver/undetected_chromedriver
2026-04-12 06:54:11 [INFO] 1. Navigating to Mobi.E map...
2026-04-12 06:54:27 [INFO] 2. Clicking 'Postos' tab...
2026-04-12 06:54:32 [INFO] 3. Clicking 'Limpar filtros'...
2026-04-12 06:54:37 [INFO] 3.5. Zooming out 2 times...
2026-04-12 06:54:42 [INFO] Waiting 10s for map bounds to completely stabilize...
2026-04-12 06:54:52 [INFO] 4. Clicking 'Filtrar'...
2026-04-12 06:54:52 [INFO] Waiting 20s for stations API request to finish...
2026-04-12 06:55:12 [INFO] Status API text: Foram encontrados 0 postos e 0 tomadas
2026-04-12 06:55:12 [INFO] 5. Looking for the Export button...
2026-04-12 06:55:12 [ERROR] Failed to find or download via Export button.
2026-04-12 06:55:12 [INFO] Browser successfully killed to free memory. Run complete.

2026-04-12 07:00:01 [INFO] --- Started scheduled run. Sleeping for 51 seconds (Jitter) ---
2026-04-12 07:00:52 [INFO] Initializing browser...
2026-04-12 07:00:53 [INFO] patching driver executable /home/joao-martins/.local/share/undetected_chromedriver/undetected_chromedriver
2026-04-12 07:00:53 [INFO] 1. Navigating to Mobi.E map...
2026-04-12 07:01:10 [INFO] 2. Clicking 'Postos' tab...
2026-04-12 07:01:16 [INFO] 3. Clicking 'Limpar filtros'...
2026-04-12 07:01:21 [INFO] 3.5. Zooming out 2 times...
2026-04-12 07:01:25 [INFO] Waiting 10s for map bounds to completely stabilize...
2026-04-12 07:01:35 [INFO] 4. Clicking 'Filtrar'...
2026-04-12 07:01:35 [INFO] Waiting 20s for stations API request to finish...
2026-04-12 07:01:55 [INFO] Status API text: Foram encontrados 7490 postos e 15872 tomadas
2026-04-12 07:01:55 [INFO] 5. Looking for the Export button...
2026-04-12 07:01:55 [INFO] Found blob href. Executing direct JS fetch...
2026-04-12 07:01:55 [INFO] SUCCESS! Saved 20260412_060155Z.csv (3658.31 KB)
2026-04-12 07:01:55 [INFO] Browser successfully killed to free memory. Run complete.

2026-04-12 07:09:01 [INFO] --- Started scheduled run. Sleeping for 15 seconds (Jitter) ---
2026-04-12 07:09:16 [INFO] Initializing browser...
2026-04-12 07:09:16 [INFO] patching driver executable /home/joao-martins/.local/share/undetected_chromedriver/undetected_chromedriver
2026-04-12 07:10:17 [ERROR] Extraction completely failed with exception: Message: session not created: cannot connect to chrome at 127.0.0.1:32893
from chrome not reachable; For documentation on this error, please visit: https://www.selenium.dev/documentation/webdriver/troubleshooting/errors#sessionnotcreatedexception
Stacktrace:
#0 0x5d7cd40c1a6a <unknown>
#1 0x5d7cd3ad08c0 <unknown>
#2 0x5d7cd3abbfcc <unknown>
#3 0x5d7cd3b129ae <unknown>
#4 0x5d7cd3b07bc1 <unknown>
#5 0x5d7cd3b5853e <unknown>
#6 0x5d7cd3b57c2c <unknown>
#7 0x5d7cd3b16cbf <unknown>
#8 0x5d7cd3b17a81 <unknown>
#9 0x5d7cd4087a64 <unknown>
#10 0x5d7cd408a951 <unknown>
#11 0x5d7cd407421e <unknown>
#12 0x5d7cd408b51e <unknown>
#13 0x5d7cd405abe0 <unknown>
#14 0x5d7cd40ae9b8 <unknown>
#15 0x5d7cd40aeb88 <unknown>
#16 0x5d7cd40c04de <unknown>
#17 0x774bd729caa4 <unknown>
#18 0x774bd7329c6c <unknown>

2026-04-12 07:18:01 [INFO] --- Started scheduled run. Sleeping for 46 seconds (Jitter) ---
2026-04-12 07:18:47 [INFO] Initializing browser...
2026-04-12 07:18:48 [INFO] patching driver executable /home/joao-martins/.local/share/undetected_chromedriver/undetected_chromedriver
2026-04-12 07:19:48 [ERROR] Extraction completely failed with exception: Message: session not created: cannot connect to chrome at 127.0.0.1:51159
from chrome not reachable; For documentation on this error, please visit: https://www.selenium.dev/documentation/webdriver/troubleshooting/errors#sessionnotcreatedexception
Stacktrace:
#0 0x5e8f74aeea6a <unknown>
#1 0x5e8f744fd8c0 <unknown>
#2 0x5e8f744e8fcc <unknown>
#3 0x5e8f7453f9ae <unknown>
#4 0x5e8f74534bc1 <unknown>
#5 0x5e8f7458553e <unknown>
#6 0x5e8f74584c2c <unknown>
#7 0x5e8f74543cbf <unknown>
#8 0x5e8f74544a81 <unknown>
#9 0x5e8f74ab4a64 <unknown>
#10 0x5e8f74ab7951 <unknown>
#11 0x5e8f74aa121e <unknown>
#12 0x5e8f74ab851e <unknown>
#13 0x5e8f74a87be0 <unknown>
#14 0x5e8f74adb9b8 <unknown>
#15 0x5e8f74adbb88 <unknown>
#16 0x5e8f74aed4de <unknown>
#17 0x7ae54069caa4 <unknown>
#18 0x7ae540729c6c <unknown>

2026-04-12 07:27:02 [INFO] --- Started scheduled run. Sleeping for 46 seconds (Jitter) ---
2026-04-12 07:27:48 [INFO] Initializing browser...
2026-04-12 07:27:48 [INFO] patching driver executable /home/joao-martins/.local/share/undetected_chromedriver/undetected_chromedriver
2026-04-12 07:28:48 [ERROR] Extraction completely failed with exception: Message: session not created: cannot connect to chrome at 127.0.0.1:51153
from chrome not reachable; For documentation on this error, please visit: https://www.selenium.dev/documentation/webdriver/troubleshooting/errors#sessionnotcreatedexception
Stacktrace:
#0 0x5f223484ca6a <unknown>
#1 0x5f223425b8c0 <unknown>
#2 0x5f2234246fcc <unknown>
#3 0x5f223429d9ae <unknown>
#4 0x5f2234292bc1 <unknown>
#5 0x5f22342e353e <unknown>
#6 0x5f22342e2c2c <unknown>
#7 0x5f22342a1cbf <unknown>
#8 0x5f22342a2a81 <unknown>
#9 0x5f2234812a64 <unknown>
#10 0x5f2234815951 <unknown>
#11 0x5f22347ff21e <unknown>
#12 0x5f223481651e <unknown>
#13 0x5f22347e5be0 <unknown>
#14 0x5f22348399b8 <unknown>
#15 0x5f2234839b88 <unknown>
#16 0x5f223484b4de <unknown>
#17 0x772d50a9caa4 <unknown>
#18 0x772d50b29c6c <unknown>

2026-04-12 07:36:01 [INFO] --- Started scheduled run. Sleeping for 24 seconds (Jitter) ---
2026-04-12 07:36:25 [INFO] Initializing browser...
2026-04-12 07:36:26 [INFO] patching driver executable /home/joao-martins/.local/share/undetected_chromedriver/undetected_chromedriver
2026-04-12 07:37:26 [ERROR] Extraction completely failed with exception: Message: session not created: cannot connect to chrome at 127.0.0.1:50311
from chrome not reachable; For documentation on this error, please visit: https://www.selenium.dev/documentation/webdriver/troubleshooting/errors#sessionnotcreatedexception
Stacktrace:
#0 0x5dd1a2bbca6a <unknown>
#1 0x5dd1a25cb8c0 <unknown>
#2 0x5dd1a25b6fcc <unknown>
#3 0x5dd1a260d9ae <unknown>
#4 0x5dd1a2602bc1 <unknown>
#5 0x5dd1a265353e <unknown>
#6 0x5dd1a2652c2c <unknown>
#7 0x5dd1a2611cbf <unknown>
#8 0x5dd1a2612a81 <unknown>
#9 0x5dd1a2b82a64 <unknown>
#10 0x5dd1a2b85951 <unknown>
#11 0x5dd1a2b6f21e <unknown>
#12 0x5dd1a2b8651e <unknown>
#13 0x5dd1a2b55be0 <unknown>
#14 0x5dd1a2ba99b8 <unknown>
#15 0x5dd1a2ba9b88 <unknown>
#16 0x5dd1a2bbb4de <unknown>
#17 0x75ad1229caa4 <unknown>
#18 0x75ad12329c6c <unknown>

2026-04-12 07:45:01 [INFO] --- Started scheduled run. Sleeping for 48 seconds (Jitter) ---
2026-04-12 07:45:49 [INFO] Initializing browser...
2026-04-12 07:45:50 [INFO] patching driver executable /home/joao-martins/.local/share/undetected_chromedriver/undetected_chromedriver
2026-04-12 07:46:50 [ERROR] Extraction completely failed with exception: Message: session not created: cannot connect to chrome at 127.0.0.1:52427
from chrome not reachable; For documentation on this error, please visit: https://www.selenium.dev/documentation/webdriver/troubleshooting/errors#sessionnotcreatedexception
Stacktrace:
#0 0x602328b52a6a <unknown>
#1 0x6023285618c0 <unknown>
#2 0x60232854cfcc <unknown>
#3 0x6023285a39ae <unknown>
#4 0x602328598bc1 <unknown>
#5 0x6023285e953e <unknown>
#6 0x6023285e8c2c <unknown>
#7 0x6023285a7cbf <unknown>
#8 0x6023285a8a81 <unknown>
#9 0x602328b18a64 <unknown>
#10 0x602328b1b951 <unknown>
#11 0x602328b0521e <unknown>
#12 0x602328b1c51e <unknown>
#13 0x602328aebbe0 <unknown>
#14 0x602328b3f9b8 <unknown>
#15 0x602328b3fb88 <unknown>
#16 0x602328b514de <unknown>
#17 0x7e1b70e9caa4 <unknown>
#18 0x7e1b70f29c6c <unknown>

2026-04-12 07:54:01 [INFO] --- Started scheduled run. Sleeping for 50 seconds (Jitter) ---
2026-04-12 07:54:51 [INFO] Initializing browser...
2026-04-12 07:54:51 [INFO] patching driver executable /home/joao-martins/.local/share/undetected_chromedriver/undetected_chromedriver
2026-04-12 07:55:52 [ERROR] Extraction completely failed with exception: Message: session not created: cannot connect to chrome at 127.0.0.1:37383
from chrome not reachable; For documentation on this error, please visit: https://www.selenium.dev/documentation/webdriver/troubleshooting/errors#sessionnotcreatedexception
Stacktrace:
#0 0x5ee70009ba6a <unknown>
#1 0x5ee6ffaaa8c0 <unknown>
#2 0x5ee6ffa95fcc <unknown>
#3 0x5ee6ffaec9ae <unknown>
#4 0x5ee6ffae1bc1 <unknown>
#5 0x5ee6ffb3253e <unknown>
#6 0x5ee6ffb31c2c <unknown>
#7 0x5ee6ffaf0cbf <unknown>
#8 0x5ee6ffaf1a81 <unknown>
#9 0x5ee700061a64 <unknown>
#10 0x5ee700064951 <unknown>
#11 0x5ee70004e21e <unknown>
#12 0x5ee70006551e <unknown>
#13 0x5ee700034be0 <unknown>
#14 0x5ee7000889b8 <unknown>
#15 0x5ee700088b88 <unknown>
#16 0x5ee70009a4de <unknown>
#17 0x76d76f89caa4 <unknown>
#18 0x76d76f929c6c <unknown>

2026-04-12 08:00:01 [INFO] --- Started scheduled run. Sleeping for 38 seconds (Jitter) ---
2026-04-12 08:00:39 [INFO] Initializing browser...
2026-04-12 08:00:40 [INFO] patching driver executable /home/joao-martins/.local/share/undetected_chromedriver/undetected_chromedriver
2026-04-12 08:01:40 [ERROR] Extraction completely failed with exception: Message: session not created: cannot connect to chrome at 127.0.0.1:33217
from chrome not reachable; For documentation on this error, please visit: https://www.selenium.dev/documentation/webdriver/troubleshooting/errors#sessionnotcreatedexception
Stacktrace:
#0 0x567aa76f0a6a <unknown>
#1 0x567aa70ff8c0 <unknown>
#2 0x567aa70eafcc <unknown>
#3 0x567aa71419ae <unknown>
#4 0x567aa7136bc1 <unknown>
#5 0x567aa718753e <unknown>
#6 0x567aa7186c2c <unknown>
#7 0x567aa7145cbf <unknown>
#8 0x567aa7146a81 <unknown>
#9 0x567aa76b6a64 <unknown>
#10 0x567aa76b9951 <unknown>
#11 0x567aa76a321e <unknown>
#12 0x567aa76ba51e <unknown>
#13 0x567aa7689be0 <unknown>
#14 0x567aa76dd9b8 <unknown>
#15 0x567aa76ddb88 <unknown>
#16 0x567aa76ef4de <unknown>
#17 0x7c11f769caa4 <unknown>
#18 0x7c11f7729c6c <unknown>

2026-04-12 08:09:02 [INFO] --- Started scheduled run. Sleeping for 10 seconds (Jitter) ---
2026-04-12 08:09:12 [INFO] Initializing browser...
2026-04-12 08:09:12 [INFO] patching driver executable /home/joao-martins/.local/share/undetected_chromedriver/undetected_chromedriver
2026-04-12 08:10:12 [ERROR] Extraction completely failed with exception: Message: session not created: cannot connect to chrome at 127.0.0.1:34795
from chrome not reachable; For documentation on this error, please visit: https://www.selenium.dev/documentation/webdriver/troubleshooting/errors#sessionnotcreatedexception
Stacktrace:
#0 0x65501543da6a <unknown>
#1 0x655014e4c8c0 <unknown>
#2 0x655014e37fcc <unknown>
#3 0x655014e8e9ae <unknown>
#4 0x655014e83bc1 <unknown>
#5 0x655014ed453e <unknown>
#6 0x655014ed3c2c <unknown>
#7 0x655014e92cbf <unknown>
#8 0x655014e93a81 <unknown>
#9 0x655015403a64 <unknown>
#10 0x655015406951 <unknown>
#11 0x6550153f021e <unknown>
#12 0x65501540751e <unknown>
#13 0x6550153d6be0 <unknown>
#14 0x65501542a9b8 <unknown>
#15 0x65501542ab88 <unknown>
#16 0x65501543c4de <unknown>
#17 0x7ac82649caa4 <unknown>
#18 0x7ac826529c6c <unknown>

2026-04-12 08:18:01 [INFO] --- Started scheduled run. Sleeping for 26 seconds (Jitter) ---
2026-04-12 08:18:27 [INFO] Initializing browser...
2026-04-12 08:18:28 [INFO] patching driver executable /home/joao-martins/.local/share/undetected_chromedriver/undetected_chromedriver
2026-04-12 08:19:28 [ERROR] Extraction completely failed with exception: Message: session not created: cannot connect to chrome at 127.0.0.1:43513
from chrome not reachable; For documentation on this error, please visit: https://www.selenium.dev/documentation/webdriver/troubleshooting/errors#sessionnotcreatedexception
Stacktrace:
#0 0x5fde6d29ca6a <unknown>
#1 0x5fde6ccab8c0 <unknown>
#2 0x5fde6cc96fcc <unknown>
#3 0x5fde6cced9ae <unknown>
#4 0x5fde6cce2bc1 <unknown>
#5 0x5fde6cd3353e <unknown>
#6 0x5fde6cd32c2c <unknown>
#7 0x5fde6ccf1cbf <unknown>
#8 0x5fde6ccf2a81 <unknown>
#9 0x5fde6d262a64 <unknown>
#10 0x5fde6d265951 <unknown>
#11 0x5fde6d24f21e <unknown>
#12 0x5fde6d26651e <unknown>
#13 0x5fde6d235be0 <unknown>
#14 0x5fde6d2899b8 <unknown>
#15 0x5fde6d289b88 <unknown>
#16 0x5fde6d29b4de <unknown>
#17 0x7d0272c9caa4 <unknown>
#18 0x7d0272d29c6c <unknown>

2026-04-12 08:27:01 [INFO] --- Started scheduled run. Sleeping for 34 seconds (Jitter) ---
2026-04-12 08:27:35 [INFO] Initializing browser...
2026-04-12 08:27:36 [INFO] patching driver executable /home/joao-martins/.local/share/undetected_chromedriver/undetected_chromedriver
2026-04-12 08:28:36 [ERROR] Extraction completely failed with exception: Message: session not created: cannot connect to chrome at 127.0.0.1:53355
from chrome not reachable; For documentation on this error, please visit: https://www.selenium.dev/documentation/webdriver/troubleshooting/errors#sessionnotcreatedexception
Stacktrace:
#0 0x59e49c068a6a <unknown>
#1 0x59e49ba778c0 <unknown>
#2 0x59e49ba62fcc <unknown>
#3 0x59e49bab99ae <unknown>
#4 0x59e49baaebc1 <unknown>
#5 0x59e49baff53e <unknown>
#6 0x59e49bafec2c <unknown>
#7 0x59e49babdcbf <unknown>
#8 0x59e49babea81 <unknown>
#9 0x59e49c02ea64 <unknown>
#10 0x59e49c031951 <unknown>
#11 0x59e49c01b21e <unknown>
#12 0x59e49c03251e <unknown>
#13 0x59e49c001be0 <unknown>
#14 0x59e49c0559b8 <unknown>
#15 0x59e49c055b88 <unknown>
#16 0x59e49c0674de <unknown>
#17 0x73cf5d69caa4 <unknown>
#18 0x73cf5d729c6c <unknown>

2026-04-12 08:36:01 [INFO] --- Started scheduled run. Sleeping for 48 seconds (Jitter) ---
2026-04-12 08:36:49 [INFO] Initializing browser...
2026-04-12 08:36:50 [INFO] patching driver executable /home/joao-martins/.local/share/undetected_chromedriver/undetected_chromedriver
2026-04-12 08:37:50 [ERROR] Extraction completely failed with exception: Message: session not created: cannot connect to chrome at 127.0.0.1:36651
from chrome not reachable; For documentation on this error, please visit: https://www.selenium.dev/documentation/webdriver/troubleshooting/errors#sessionnotcreatedexception
Stacktrace:
#0 0x60698c696a6a <unknown>
#1 0x60698c0a58c0 <unknown>
#2 0x60698c090fcc <unknown>
#3 0x60698c0e79ae <unknown>
#4 0x60698c0dcbc1 <unknown>
#5 0x60698c12d53e <unknown>
#6 0x60698c12cc2c <unknown>
#7 0x60698c0ebcbf <unknown>
#8 0x60698c0eca81 <unknown>
#9 0x60698c65ca64 <unknown>
#10 0x60698c65f951 <unknown>
#11 0x60698c64921e <unknown>
#12 0x60698c66051e <unknown>
#13 0x60698c62fbe0 <unknown>
#14 0x60698c6839b8 <unknown>
#15 0x60698c683b88 <unknown>
#16 0x60698c6954de <unknown>
#17 0x747fb4e9caa4 <unknown>
#18 0x747fb4f29c6c <unknown>

2026-04-12 08:45:01 [INFO] --- Started scheduled run. Sleeping for 8 seconds (Jitter) ---
2026-04-12 08:45:09 [INFO] Initializing browser...
2026-04-12 08:45:10 [INFO] patching driver executable /home/joao-martins/.local/share/undetected_chromedriver/undetected_chromedriver
2026-04-12 08:46:10 [ERROR] Extraction completely failed with exception: Message: session not created: cannot connect to chrome at 127.0.0.1:58055
from chrome not reachable; For documentation on this error, please visit: https://www.selenium.dev/documentation/webdriver/troubleshooting/errors#sessionnotcreatedexception
Stacktrace:
#0 0x5bfc6d237a6a <unknown>
#1 0x5bfc6cc468c0 <unknown>
#2 0x5bfc6cc31fcc <unknown>
#3 0x5bfc6cc889ae <unknown>
#4 0x5bfc6cc7dbc1 <unknown>
#5 0x5bfc6ccce53e <unknown>
#6 0x5bfc6cccdc2c <unknown>
#7 0x5bfc6cc8ccbf <unknown>
#8 0x5bfc6cc8da81 <unknown>
#9 0x5bfc6d1fda64 <unknown>
#10 0x5bfc6d200951 <unknown>
#11 0x5bfc6d1ea21e <unknown>
#12 0x5bfc6d20151e <unknown>
#13 0x5bfc6d1d0be0 <unknown>
#14 0x5bfc6d2249b8 <unknown>
#15 0x5bfc6d224b88 <unknown>
#16 0x5bfc6d2364de <unknown>
#17 0x78b0bd89caa4 <unknown>
#18 0x78b0bd929c6c <unknown>

2026-04-12 08:54:01 [INFO] --- Started scheduled run. Sleeping for 18 seconds (Jitter) ---
2026-04-12 08:54:19 [INFO] Initializing browser...
2026-04-12 08:54:19 [INFO] patching driver executable /home/joao-martins/.local/share/undetected_chromedriver/undetected_chromedriver
2026-04-12 08:55:19 [ERROR] Extraction completely failed with exception: Message: session not created: cannot connect to chrome at 127.0.0.1:56511
from chrome not reachable; For documentation on this error, please visit: https://www.selenium.dev/documentation/webdriver/troubleshooting/errors#sessionnotcreatedexception
Stacktrace:
#0 0x5ad4509e5a6a <unknown>
#1 0x5ad4503f48c0 <unknown>
#2 0x5ad4503dffcc <unknown>
#3 0x5ad4504369ae <unknown>
#4 0x5ad45042bbc1 <unknown>
#5 0x5ad45047c53e <unknown>
#6 0x5ad45047bc2c <unknown>
#7 0x5ad45043acbf <unknown>
#8 0x5ad45043ba81 <unknown>
#9 0x5ad4509aba64 <unknown>
#10 0x5ad4509ae951 <unknown>
#11 0x5ad45099821e <unknown>
#12 0x5ad4509af51e <unknown>
#13 0x5ad45097ebe0 <unknown>
#14 0x5ad4509d29b8 <unknown>
#15 0x5ad4509d2b88 <unknown>
#16 0x5ad4509e44de <unknown>
#17 0x76a184e9caa4 <unknown>
#18 0x76a184f29c6c <unknown>

2026-04-12 09:00:01 [INFO] --- Started scheduled run. Sleeping for 9 seconds (Jitter) ---
2026-04-12 09:00:10 [INFO] Initializing browser...
2026-04-12 09:00:11 [INFO] patching driver executable /home/joao-martins/.local/share/undetected_chromedriver/undetected_chromedriver
2026-04-12 09:01:11 [ERROR] Extraction completely failed with exception: Message: session not created: cannot connect to chrome at 127.0.0.1:56223
from chrome not reachable; For documentation on this error, please visit: https://www.selenium.dev/documentation/webdriver/troubleshooting/errors#sessionnotcreatedexception
Stacktrace:
#0 0x5bf806826a6a <unknown>
#1 0x5bf8062358c0 <unknown>
#2 0x5bf806220fcc <unknown>
#3 0x5bf8062779ae <unknown>
#4 0x5bf80626cbc1 <unknown>
#5 0x5bf8062bd53e <unknown>
#6 0x5bf8062bcc2c <unknown>
#7 0x5bf80627bcbf <unknown>
#8 0x5bf80627ca81 <unknown>
#9 0x5bf8067eca64 <unknown>
#10 0x5bf8067ef951 <unknown>
#11 0x5bf8067d921e <unknown>
#12 0x5bf8067f051e <unknown>
#13 0x5bf8067bfbe0 <unknown>
#14 0x5bf8068139b8 <unknown>
#15 0x5bf806813b88 <unknown>
#16 0x5bf8068254de <unknown>
#17 0x75618169caa4 <unknown>
#18 0x756181729c6c <unknown>

2026-04-12 09:09:01 [INFO] --- Started scheduled run. Sleeping for 16 seconds (Jitter) ---
2026-04-12 09:09:17 [INFO] Initializing browser...
2026-04-12 09:09:18 [INFO] patching driver executable /home/joao-martins/.local/share/undetected_chromedriver/undetected_chromedriver
2026-04-12 09:10:18 [ERROR] Extraction completely failed with exception: Message: session not created: cannot connect to chrome at 127.0.0.1:42155
from chrome not reachable; For documentation on this error, please visit: https://www.selenium.dev/documentation/webdriver/troubleshooting/errors#sessionnotcreatedexception
Stacktrace:
#0 0x62ef7726ba6a <unknown>
#1 0x62ef76c7a8c0 <unknown>
#2 0x62ef76c65fcc <unknown>
#3 0x62ef76cbc9ae <unknown>
#4 0x62ef76cb1bc1 <unknown>
#5 0x62ef76d0253e <unknown>
#6 0x62ef76d01c2c <unknown>
#7 0x62ef76cc0cbf <unknown>
#8 0x62ef76cc1a81 <unknown>
#9 0x62ef77231a64 <unknown>
#10 0x62ef77234951 <unknown>
#11 0x62ef7721e21e <unknown>
#12 0x62ef7723551e <unknown>
#13 0x62ef77204be0 <unknown>
#14 0x62ef772589b8 <unknown>
#15 0x62ef77258b88 <unknown>
#16 0x62ef7726a4de <unknown>
#17 0x7765ba49caa4 <unknown>
#18 0x7765ba529c6c <unknown>

2026-04-12 09:18:01 [INFO] --- Started scheduled run. Sleeping for 12 seconds (Jitter) ---
2026-04-12 09:18:13 [INFO] Initializing browser...
2026-04-12 09:18:13 [INFO] patching driver executable /home/joao-martins/.local/share/undetected_chromedriver/undetected_chromedriver
2026-04-12 09:19:13 [ERROR] Extraction completely failed with exception: Message: session not created: cannot connect to chrome at 127.0.0.1:59603
from chrome not reachable; For documentation on this error, please visit: https://www.selenium.dev/documentation/webdriver/troubleshooting/errors#sessionnotcreatedexception
Stacktrace:
#0 0x58de6d8c9a6a <unknown>
#1 0x58de6d2d88c0 <unknown>
#2 0x58de6d2c3fcc <unknown>
#3 0x58de6d31a9ae <unknown>
#4 0x58de6d30fbc1 <unknown>
#5 0x58de6d36053e <unknown>
#6 0x58de6d35fc2c <unknown>
#7 0x58de6d31ecbf <unknown>
#8 0x58de6d31fa81 <unknown>
#9 0x58de6d88fa64 <unknown>
#10 0x58de6d892951 <unknown>
#11 0x58de6d87c21e <unknown>
#12 0x58de6d89351e <unknown>
#13 0x58de6d862be0 <unknown>
#14 0x58de6d8b69b8 <unknown>
#15 0x58de6d8b6b88 <unknown>
#16 0x58de6d8c84de <unknown>
#17 0x7ebfba49caa4 <unknown>
#18 0x7ebfba529c6c <unknown>

2026-04-12 09:27:01 [INFO] --- Started scheduled run. Sleeping for 45 seconds (Jitter) ---
2026-04-12 09:27:46 [INFO] Initializing browser...
2026-04-12 09:27:47 [INFO] patching driver executable /home/joao-martins/.local/share/undetected_chromedriver/undetected_chromedriver
2026-04-12 09:28:47 [ERROR] Extraction completely failed with exception: Message: session not created: cannot connect to chrome at 127.0.0.1:50331
from chrome not reachable; For documentation on this error, please visit: https://www.selenium.dev/documentation/webdriver/troubleshooting/errors#sessionnotcreatedexception
Stacktrace:
#0 0x5bd5e13d9a6a <unknown>
#1 0x5bd5e0de88c0 <unknown>
#2 0x5bd5e0dd3fcc <unknown>
#3 0x5bd5e0e2a9ae <unknown>
#4 0x5bd5e0e1fbc1 <unknown>
#5 0x5bd5e0e7053e <unknown>
#6 0x5bd5e0e6fc2c <unknown>
#7 0x5bd5e0e2ecbf <unknown>
#8 0x5bd5e0e2fa81 <unknown>
#9 0x5bd5e139fa64 <unknown>
#10 0x5bd5e13a2951 <unknown>
#11 0x5bd5e138c21e <unknown>
#12 0x5bd5e13a351e <unknown>
#13 0x5bd5e1372be0 <unknown>
#14 0x5bd5e13c69b8 <unknown>
#15 0x5bd5e13c6b88 <unknown>
#16 0x5bd5e13d84de <unknown>
#17 0x70fa2d69caa4 <unknown>
#18 0x70fa2d729c6c <unknown>

2026-04-12 09:36:01 [INFO] --- Started scheduled run. Sleeping for 10 seconds (Jitter) ---
2026-04-12 09:36:11 [INFO] Initializing browser...
2026-04-12 09:36:11 [INFO] patching driver executable /home/joao-martins/.local/share/undetected_chromedriver/undetected_chromedriver
2026-04-12 09:37:11 [ERROR] Extraction completely failed with exception: Message: session not created: cannot connect to chrome at 127.0.0.1:44839
from chrome not reachable; For documentation on this error, please visit: https://www.selenium.dev/documentation/webdriver/troubleshooting/errors#sessionnotcreatedexception
Stacktrace:
#0 0x580ef8fa2a6a <unknown>
#1 0x580ef89b18c0 <unknown>
#2 0x580ef899cfcc <unknown>
#3 0x580ef89f39ae <unknown>
#4 0x580ef89e8bc1 <unknown>
#5 0x580ef8a3953e <unknown>
#6 0x580ef8a38c2c <unknown>
#7 0x580ef89f7cbf <unknown>
#8 0x580ef89f8a81 <unknown>
#9 0x580ef8f68a64 <unknown>
#10 0x580ef8f6b951 <unknown>
#11 0x580ef8f5521e <unknown>
#12 0x580ef8f6c51e <unknown>
#13 0x580ef8f3bbe0 <unknown>
#14 0x580ef8f8f9b8 <unknown>
#15 0x580ef8f8fb88 <unknown>
#16 0x580ef8fa14de <unknown>
#17 0x72174c69caa4 <unknown>
#18 0x72174c729c6c <unknown>

2026-04-12 09:45:01 [INFO] --- Started scheduled run. Sleeping for 32 seconds (Jitter) ---
2026-04-12 09:45:33 [INFO] Initializing browser...
2026-04-12 09:45:34 [INFO] patching driver executable /home/joao-martins/.local/share/undetected_chromedriver/undetected_chromedriver
2026-04-12 09:46:34 [ERROR] Extraction completely failed with exception: Message: session not created: cannot connect to chrome at 127.0.0.1:44803
from chrome not reachable; For documentation on this error, please visit: https://www.selenium.dev/documentation/webdriver/troubleshooting/errors#sessionnotcreatedexception
Stacktrace:
#0 0x5b8ad3226a6a <unknown>
#1 0x5b8ad2c358c0 <unknown>
#2 0x5b8ad2c20fcc <unknown>
#3 0x5b8ad2c779ae <unknown>
#4 0x5b8ad2c6cbc1 <unknown>
#5 0x5b8ad2cbd53e <unknown>
#6 0x5b8ad2cbcc2c <unknown>
#7 0x5b8ad2c7bcbf <unknown>
#8 0x5b8ad2c7ca81 <unknown>
#9 0x5b8ad31eca64 <unknown>
#10 0x5b8ad31ef951 <unknown>
#11 0x5b8ad31d921e <unknown>
#12 0x5b8ad31f051e <unknown>
#13 0x5b8ad31bfbe0 <unknown>
#14 0x5b8ad32139b8 <unknown>
#15 0x5b8ad3213b88 <unknown>
#16 0x5b8ad32254de <unknown>
#17 0x725bb5a9caa4 <unknown>
#18 0x725bb5b29c6c <unknown>

2026-04-12 09:54:02 [INFO] --- Started scheduled run. Sleeping for 30 seconds (Jitter) ---
2026-04-12 09:54:32 [INFO] Initializing browser...
2026-04-12 09:54:32 [INFO] patching driver executable /home/joao-martins/.local/share/undetected_chromedriver/undetected_chromedriver
2026-04-12 09:55:32 [ERROR] Extraction completely failed with exception: Message: session not created: cannot connect to chrome at 127.0.0.1:58237
from chrome not reachable; For documentation on this error, please visit: https://www.selenium.dev/documentation/webdriver/troubleshooting/errors#sessionnotcreatedexception
Stacktrace:
#0 0x627a92a56a6a <unknown>
#1 0x627a924658c0 <unknown>
#2 0x627a92450fcc <unknown>
#3 0x627a924a79ae <unknown>
#4 0x627a9249cbc1 <unknown>
#5 0x627a924ed53e <unknown>
#6 0x627a924ecc2c <unknown>
#7 0x627a924abcbf <unknown>
#8 0x627a924aca81 <unknown>
#9 0x627a92a1ca64 <unknown>
#10 0x627a92a1f951 <unknown>
#11 0x627a92a0921e <unknown>
#12 0x627a92a2051e <unknown>
#13 0x627a929efbe0 <unknown>
#14 0x627a92a439b8 <unknown>
#15 0x627a92a43b88 <unknown>
#16 0x627a92a554de <unknown>
#17 0x73f94c69caa4 <unknown>
#18 0x73f94c729c6c <unknown>

2026-04-12 10:00:01 [INFO] --- Started scheduled run. Sleeping for 17 seconds (Jitter) ---
2026-04-12 10:00:18 [INFO] Initializing browser...
2026-04-12 10:00:19 [INFO] patching driver executable /home/joao-martins/.local/share/undetected_chromedriver/undetected_chromedriver
2026-04-12 10:01:19 [ERROR] Extraction completely failed with exception: Message: session not created: cannot connect to chrome at 127.0.0.1:42065
from chrome not reachable; For documentation on this error, please visit: https://www.selenium.dev/documentation/webdriver/troubleshooting/errors#sessionnotcreatedexception
Stacktrace:
#0 0x59709b69da6a <unknown>
#1 0x59709b0ac8c0 <unknown>
#2 0x59709b097fcc <unknown>
#3 0x59709b0ee9ae <unknown>
#4 0x59709b0e3bc1 <unknown>
#5 0x59709b13453e <unknown>
#6 0x59709b133c2c <unknown>
#7 0x59709b0f2cbf <unknown>
#8 0x59709b0f3a81 <unknown>
#9 0x59709b663a64 <unknown>
#10 0x59709b666951 <unknown>
#11 0x59709b65021e <unknown>
#12 0x59709b66751e <unknown>
#13 0x59709b636be0 <unknown>
#14 0x59709b68a9b8 <unknown>
#15 0x59709b68ab88 <unknown>
#16 0x59709b69c4de <unknown>
#17 0x7b129369caa4 <unknown>
#18 0x7b1293729c6c <unknown>

2026-04-12 10:09:01 [INFO] --- Started scheduled run. Sleeping for 26 seconds (Jitter) ---
2026-04-12 10:09:27 [INFO] Initializing browser...
2026-04-12 10:09:28 [INFO] patching driver executable /home/joao-martins/.local/share/undetected_chromedriver/undetected_chromedriver
2026-04-12 10:10:28 [ERROR] Extraction completely failed with exception: Message: session not created: cannot connect to chrome at 127.0.0.1:57847
from chrome not reachable; For documentation on this error, please visit: https://www.selenium.dev/documentation/webdriver/troubleshooting/errors#sessionnotcreatedexception
Stacktrace:
#0 0x5983b40d6a6a <unknown>
#1 0x5983b3ae58c0 <unknown>
#2 0x5983b3ad0fcc <unknown>
#3 0x5983b3b279ae <unknown>
#4 0x5983b3b1cbc1 <unknown>
#5 0x5983b3b6d53e <unknown>
#6 0x5983b3b6cc2c <unknown>
#7 0x5983b3b2bcbf <unknown>
#8 0x5983b3b2ca81 <unknown>
#9 0x5983b409ca64 <unknown>
#10 0x5983b409f951 <unknown>
#11 0x5983b408921e <unknown>
#12 0x5983b40a051e <unknown>
#13 0x5983b406fbe0 <unknown>
#14 0x5983b40c39b8 <unknown>
#15 0x5983b40c3b88 <unknown>
#16 0x5983b40d54de <unknown>
#17 0x70e88429caa4 <unknown>
#18 0x70e884329c6c <unknown>

2026-04-12 10:18:01 [INFO] --- Started scheduled run. Sleeping for 5 seconds (Jitter) ---
2026-04-12 10:18:06 [INFO] Initializing browser...
2026-04-12 10:18:06 [INFO] patching driver executable /home/joao-martins/.local/share/undetected_chromedriver/undetected_chromedriver
2026-04-12 10:19:06 [ERROR] Extraction completely failed with exception: Message: session not created: cannot connect to chrome at 127.0.0.1:35691
from chrome not reachable; For documentation on this error, please visit: https://www.selenium.dev/documentation/webdriver/troubleshooting/errors#sessionnotcreatedexception
Stacktrace:
#0 0x59343b476a6a <unknown>
#1 0x59343ae858c0 <unknown>
#2 0x59343ae70fcc <unknown>
#3 0x59343aec79ae <unknown>
#4 0x59343aebcbc1 <unknown>
#5 0x59343af0d53e <unknown>
#6 0x59343af0cc2c <unknown>
#7 0x59343aecbcbf <unknown>
#8 0x59343aecca81 <unknown>
#9 0x59343b43ca64 <unknown>
#10 0x59343b43f951 <unknown>
#11 0x59343b42921e <unknown>
#12 0x59343b44051e <unknown>
#13 0x59343b40fbe0 <unknown>
#14 0x59343b4639b8 <unknown>
#15 0x59343b463b88 <unknown>
#16 0x59343b4754de <unknown>
#17 0x7290b409caa4 <unknown>
#18 0x7290b4129c6c <unknown>

2026-04-12 10:27:01 [INFO] --- Started scheduled run. Sleeping for 59 seconds (Jitter) ---
2026-04-12 10:28:00 [INFO] Initializing browser...
2026-04-12 10:28:01 [INFO] patching driver executable /home/joao-martins/.local/share/undetected_chromedriver/undetected_chromedriver
2026-04-12 10:29:01 [ERROR] Extraction completely failed with exception: Message: session not created: cannot connect to chrome at 127.0.0.1:46691
from chrome not reachable; For documentation on this error, please visit: https://www.selenium.dev/documentation/webdriver/troubleshooting/errors#sessionnotcreatedexception
Stacktrace:
#0 0x5db168bcda6a <unknown>
#1 0x5db1685dc8c0 <unknown>
#2 0x5db1685c7fcc <unknown>
#3 0x5db16861e9ae <unknown>
#4 0x5db168613bc1 <unknown>
#5 0x5db16866453e <unknown>
#6 0x5db168663c2c <unknown>
#7 0x5db168622cbf <unknown>
#8 0x5db168623a81 <unknown>
#9 0x5db168b93a64 <unknown>
#10 0x5db168b96951 <unknown>
#11 0x5db168b8021e <unknown>
#12 0x5db168b9751e <unknown>
#13 0x5db168b66be0 <unknown>
#14 0x5db168bba9b8 <unknown>
#15 0x5db168bbab88 <unknown>
#16 0x5db168bcc4de <unknown>
#17 0x7b5343e9caa4 <unknown>
#18 0x7b5343f29c6c <unknown>

2026-04-12 10:36:01 [INFO] --- Started scheduled run. Sleeping for 59 seconds (Jitter) ---
2026-04-12 10:37:00 [INFO] Initializing browser...
2026-04-12 10:37:01 [INFO] patching driver executable /home/joao-martins/.local/share/undetected_chromedriver/undetected_chromedriver
2026-04-12 10:38:01 [ERROR] Extraction completely failed with exception: Message: session not created: cannot connect to chrome at 127.0.0.1:42027
from chrome not reachable; For documentation on this error, please visit: https://www.selenium.dev/documentation/webdriver/troubleshooting/errors#sessionnotcreatedexception
Stacktrace:
#0 0x5ea1e0a77a6a <unknown>
#1 0x5ea1e04868c0 <unknown>
#2 0x5ea1e0471fcc <unknown>
#3 0x5ea1e04c89ae <unknown>
#4 0x5ea1e04bdbc1 <unknown>
#5 0x5ea1e050e53e <unknown>
#6 0x5ea1e050dc2c <unknown>
#7 0x5ea1e04cccbf <unknown>
#8 0x5ea1e04cda81 <unknown>
#9 0x5ea1e0a3da64 <unknown>
#10 0x5ea1e0a40951 <unknown>
#11 0x5ea1e0a2a21e <unknown>
#12 0x5ea1e0a4151e <unknown>
#13 0x5ea1e0a10be0 <unknown>
#14 0x5ea1e0a649b8 <unknown>
#15 0x5ea1e0a64b88 <unknown>
#16 0x5ea1e0a764de <unknown>
#17 0x75504f29caa4 <unknown>
#18 0x75504f329c6c <unknown>

2026-04-12 10:45:01 [INFO] --- Started scheduled run. Sleeping for 50 seconds (Jitter) ---
2026-04-12 10:45:51 [INFO] Initializing browser...
2026-04-12 10:45:51 [INFO] patching driver executable /home/joao-martins/.local/share/undetected_chromedriver/undetected_chromedriver
2026-04-12 10:46:52 [ERROR] Extraction completely failed with exception: Message: session not created: cannot connect to chrome at 127.0.0.1:60549
from chrome not reachable; For documentation on this error, please visit: https://www.selenium.dev/documentation/webdriver/troubleshooting/errors#sessionnotcreatedexception
Stacktrace:
#0 0x61a878017a6a <unknown>
#1 0x61a877a268c0 <unknown>
#2 0x61a877a11fcc <unknown>
#3 0x61a877a689ae <unknown>
#4 0x61a877a5dbc1 <unknown>
#5 0x61a877aae53e <unknown>
#6 0x61a877aadc2c <unknown>
#7 0x61a877a6ccbf <unknown>
#8 0x61a877a6da81 <unknown>
#9 0x61a877fdda64 <unknown>
#10 0x61a877fe0951 <unknown>
#11 0x61a877fca21e <unknown>
#12 0x61a877fe151e <unknown>
#13 0x61a877fb0be0 <unknown>
#14 0x61a8780049b8 <unknown>
#15 0x61a878004b88 <unknown>
#16 0x61a8780164de <unknown>
#17 0x794f8e69caa4 <unknown>
#18 0x794f8e729c6c <unknown>

2026-04-12 10:54:01 [INFO] --- Started scheduled run. Sleeping for 34 seconds (Jitter) ---
2026-04-12 10:54:35 [INFO] Initializing browser...
2026-04-12 10:54:36 [INFO] patching driver executable /home/joao-martins/.local/share/undetected_chromedriver/undetected_chromedriver
2026-04-12 10:55:36 [ERROR] Extraction completely failed with exception: Message: session not created: cannot connect to chrome at 127.0.0.1:41655
from chrome not reachable; For documentation on this error, please visit: https://www.selenium.dev/documentation/webdriver/troubleshooting/errors#sessionnotcreatedexception
Stacktrace:
#0 0x64c70417ba6a <unknown>
#1 0x64c703b8a8c0 <unknown>
#2 0x64c703b75fcc <unknown>
#3 0x64c703bcc9ae <unknown>
#4 0x64c703bc1bc1 <unknown>
#5 0x64c703c1253e <unknown>
#6 0x64c703c11c2c <unknown>
#7 0x64c703bd0cbf <unknown>
#8 0x64c703bd1a81 <unknown>
#9 0x64c704141a64 <unknown>
#10 0x64c704144951 <unknown>
#11 0x64c70412e21e <unknown>
#12 0x64c70414551e <unknown>
#13 0x64c704114be0 <unknown>
#14 0x64c7041689b8 <unknown>
#15 0x64c704168b88 <unknown>
#16 0x64c70417a4de <unknown>
#17 0x77212209caa4 <unknown>
#18 0x772122129c6c <unknown>

2026-04-12 11:00:01 [INFO] --- Started scheduled run. Sleeping for 33 seconds (Jitter) ---
2026-04-12 11:00:34 [INFO] Initializing browser...
2026-04-12 11:00:34 [INFO] patching driver executable /home/joao-martins/.local/share/undetected_chromedriver/undetected_chromedriver
2026-04-12 11:01:34 [ERROR] Extraction completely failed with exception: Message: session not created: cannot connect to chrome at 127.0.0.1:56331
from chrome not reachable; For documentation on this error, please visit: https://www.selenium.dev/documentation/webdriver/troubleshooting/errors#sessionnotcreatedexception
Stacktrace:
#0 0x62bc741f7a6a <unknown>
#1 0x62bc73c068c0 <unknown>
#2 0x62bc73bf1fcc <unknown>
#3 0x62bc73c489ae <unknown>
#4 0x62bc73c3dbc1 <unknown>
#5 0x62bc73c8e53e <unknown>
#6 0x62bc73c8dc2c <unknown>
#7 0x62bc73c4ccbf <unknown>
#8 0x62bc73c4da81 <unknown>
#9 0x62bc741bda64 <unknown>
#10 0x62bc741c0951 <unknown>
#11 0x62bc741aa21e <unknown>
#12 0x62bc741c151e <unknown>
#13 0x62bc74190be0 <unknown>
#14 0x62bc741e49b8 <unknown>
#15 0x62bc741e4b88 <unknown>
#16 0x62bc741f64de <unknown>
#17 0x76d5b2a9caa4 <unknown>
#18 0x76d5b2b29c6c <unknown>

2026-04-12 11:09:01 [INFO] --- Started scheduled run. Sleeping for 57 seconds (Jitter) ---
2026-04-12 11:09:58 [INFO] Initializing browser...
2026-04-12 11:09:59 [INFO] patching driver executable /home/joao-martins/.local/share/undetected_chromedriver/undetected_chromedriver
2026-04-12 11:10:59 [ERROR] Extraction completely failed with exception: Message: session not created: cannot connect to chrome at 127.0.0.1:42471
from chrome not reachable; For documentation on this error, please visit: https://www.selenium.dev/documentation/webdriver/troubleshooting/errors#sessionnotcreatedexception
Stacktrace:
#0 0x5b7070cd4a6a <unknown>
#1 0x5b70706e38c0 <unknown>
#2 0x5b70706cefcc <unknown>
#3 0x5b70707259ae <unknown>
#4 0x5b707071abc1 <unknown>
#5 0x5b707076b53e <unknown>
#6 0x5b707076ac2c <unknown>
#7 0x5b7070729cbf <unknown>
#8 0x5b707072aa81 <unknown>
#9 0x5b7070c9aa64 <unknown>
#10 0x5b7070c9d951 <unknown>
#11 0x5b7070c8721e <unknown>
#12 0x5b7070c9e51e <unknown>
#13 0x5b7070c6dbe0 <unknown>
#14 0x5b7070cc19b8 <unknown>
#15 0x5b7070cc1b88 <unknown>
#16 0x5b7070cd34de <unknown>
#17 0x74b82869caa4 <unknown>
#18 0x74b828729c6c <unknown>

2026-04-12 11:18:01 [INFO] --- Started scheduled run. Sleeping for 0 seconds (Jitter) ---
2026-04-12 11:18:01 [INFO] Initializing browser...
2026-04-12 11:18:02 [INFO] patching driver executable /home/joao-martins/.local/share/undetected_chromedriver/undetected_chromedriver
2026-04-12 11:19:02 [ERROR] Extraction completely failed with exception: Message: session not created: cannot connect to chrome at 127.0.0.1:44567
from chrome not reachable; For documentation on this error, please visit: https://www.selenium.dev/documentation/webdriver/troubleshooting/errors#sessionnotcreatedexception
Stacktrace:
#0 0x61e79279da6a <unknown>
#1 0x61e7921ac8c0 <unknown>
#2 0x61e792197fcc <unknown>
#3 0x61e7921ee9ae <unknown>
#4 0x61e7921e3bc1 <unknown>
#5 0x61e79223453e <unknown>
#6 0x61e792233c2c <unknown>
#7 0x61e7921f2cbf <unknown>
#8 0x61e7921f3a81 <unknown>
#9 0x61e792763a64 <unknown>
#10 0x61e792766951 <unknown>
#11 0x61e79275021e <unknown>
#12 0x61e79276751e <unknown>
#13 0x61e792736be0 <unknown>
#14 0x61e79278a9b8 <unknown>
#15 0x61e79278ab88 <unknown>
#16 0x61e79279c4de <unknown>
#17 0x72a70149caa4 <unknown>
#18 0x72a701529c6c <unknown>

2026-04-12 11:27:01 [INFO] --- Started scheduled run. Sleeping for 23 seconds (Jitter) ---
2026-04-12 11:27:24 [INFO] Initializing browser...
2026-04-12 11:27:24 [INFO] patching driver executable /home/joao-martins/.local/share/undetected_chromedriver/undetected_chromedriver
2026-04-12 11:28:25 [ERROR] Extraction completely failed with exception: Message: session not created: cannot connect to chrome at 127.0.0.1:54185
from chrome not reachable; For documentation on this error, please visit: https://www.selenium.dev/documentation/webdriver/troubleshooting/errors#sessionnotcreatedexception
Stacktrace:
#0 0x6432e1b2aa6a <unknown>
#1 0x6432e15398c0 <unknown>
#2 0x6432e1524fcc <unknown>
#3 0x6432e157b9ae <unknown>
#4 0x6432e1570bc1 <unknown>
#5 0x6432e15c153e <unknown>
#6 0x6432e15c0c2c <unknown>
#7 0x6432e157fcbf <unknown>
#8 0x6432e1580a81 <unknown>
#9 0x6432e1af0a64 <unknown>
#10 0x6432e1af3951 <unknown>
#11 0x6432e1add21e <unknown>
#12 0x6432e1af451e <unknown>
#13 0x6432e1ac3be0 <unknown>
#14 0x6432e1b179b8 <unknown>
#15 0x6432e1b17b88 <unknown>
#16 0x6432e1b294de <unknown>
#17 0x76999249caa4 <unknown>
#18 0x769992529c6c <unknown>

2026-04-12 11:36:01 [INFO] --- Started scheduled run. Sleeping for 17 seconds (Jitter) ---
2026-04-12 11:36:18 [INFO] Initializing browser...
2026-04-12 11:36:19 [INFO] patching driver executable /home/joao-martins/.local/share/undetected_chromedriver/undetected_chromedriver
2026-04-12 11:37:19 [ERROR] Extraction completely failed with exception: Message: session not created: cannot connect to chrome at 127.0.0.1:57201
from chrome not reachable; For documentation on this error, please visit: https://www.selenium.dev/documentation/webdriver/troubleshooting/errors#sessionnotcreatedexception
Stacktrace:
#0 0x5e11c4ef7a6a <unknown>
#1 0x5e11c49068c0 <unknown>
#2 0x5e11c48f1fcc <unknown>
#3 0x5e11c49489ae <unknown>
#4 0x5e11c493dbc1 <unknown>
#5 0x5e11c498e53e <unknown>
#6 0x5e11c498dc2c <unknown>
#7 0x5e11c494ccbf <unknown>
#8 0x5e11c494da81 <unknown>
#9 0x5e11c4ebda64 <unknown>
#10 0x5e11c4ec0951 <unknown>
#11 0x5e11c4eaa21e <unknown>
#12 0x5e11c4ec151e <unknown>
#13 0x5e11c4e90be0 <unknown>
#14 0x5e11c4ee49b8 <unknown>
#15 0x5e11c4ee4b88 <unknown>
#16 0x5e11c4ef64de <unknown>
#17 0x72c63a49caa4 <unknown>
#18 0x72c63a529c6c <unknown>

2026-04-12 11:45:01 [INFO] --- Started scheduled run. Sleeping for 6 seconds (Jitter) ---
2026-04-12 11:45:07 [INFO] Initializing browser...
2026-04-12 11:45:07 [INFO] patching driver executable /home/joao-martins/.local/share/undetected_chromedriver/undetected_chromedriver
2026-04-12 11:46:08 [ERROR] Extraction completely failed with exception: Message: session not created: cannot connect to chrome at 127.0.0.1:47765
from chrome not reachable; For documentation on this error, please visit: https://www.selenium.dev/documentation/webdriver/troubleshooting/errors#sessionnotcreatedexception
Stacktrace:
#0 0x648c73098a6a <unknown>
#1 0x648c72aa78c0 <unknown>
#2 0x648c72a92fcc <unknown>
#3 0x648c72ae99ae <unknown>
#4 0x648c72adebc1 <unknown>
#5 0x648c72b2f53e <unknown>
#6 0x648c72b2ec2c <unknown>
#7 0x648c72aedcbf <unknown>
#8 0x648c72aeea81 <unknown>
#9 0x648c7305ea64 <unknown>
#10 0x648c73061951 <unknown>
#11 0x648c7304b21e <unknown>
#12 0x648c7306251e <unknown>
#13 0x648c73031be0 <unknown>
#14 0x648c730859b8 <unknown>
#15 0x648c73085b88 <unknown>
#16 0x648c730974de <unknown>
#17 0x77a30869caa4 <unknown>
#18 0x77a308729c6c <unknown>

2026-04-12 11:54:01 [INFO] --- Started scheduled run. Sleeping for 46 seconds (Jitter) ---
2026-04-12 11:54:47 [INFO] Initializing browser...
2026-04-12 11:54:48 [INFO] patching driver executable /home/joao-martins/.local/share/undetected_chromedriver/undetected_chromedriver
2026-04-12 11:55:48 [ERROR] Extraction completely failed with exception: Message: session not created: cannot connect to chrome at 127.0.0.1:47977
from chrome not reachable; For documentation on this error, please visit: https://www.selenium.dev/documentation/webdriver/troubleshooting/errors#sessionnotcreatedexception
Stacktrace:
#0 0x612d97f4fa6a <unknown>
#1 0x612d9795e8c0 <unknown>
#2 0x612d97949fcc <unknown>
#3 0x612d979a09ae <unknown>
#4 0x612d97995bc1 <unknown>
#5 0x612d979e653e <unknown>
#6 0x612d979e5c2c <unknown>
#7 0x612d979a4cbf <unknown>
#8 0x612d979a5a81 <unknown>
#9 0x612d97f15a64 <unknown>
#10 0x612d97f18951 <unknown>
#11 0x612d97f0221e <unknown>
#12 0x612d97f1951e <unknown>
#13 0x612d97ee8be0 <unknown>
#14 0x612d97f3c9b8 <unknown>
#15 0x612d97f3cb88 <unknown>
#16 0x612d97f4e4de <unknown>
#17 0x764e3ea9caa4 <unknown>
#18 0x764e3eb29c6c <unknown>

2026-04-12 12:00:02 [INFO] --- Started scheduled run. Sleeping for 57 seconds (Jitter) ---
2026-04-12 12:00:59 [INFO] Initializing browser...
2026-04-12 12:00:59 [INFO] patching driver executable /home/joao-martins/.local/share/undetected_chromedriver/undetected_chromedriver
2026-04-12 12:02:00 [ERROR] Extraction completely failed with exception: Message: session not created: cannot connect to chrome at 127.0.0.1:48031
from chrome not reachable; For documentation on this error, please visit: https://www.selenium.dev/documentation/webdriver/troubleshooting/errors#sessionnotcreatedexception
Stacktrace:
#0 0x62bef4e5aa6a <unknown>
#1 0x62bef48698c0 <unknown>
#2 0x62bef4854fcc <unknown>
#3 0x62bef48ab9ae <unknown>
#4 0x62bef48a0bc1 <unknown>
#5 0x62bef48f153e <unknown>
#6 0x62bef48f0c2c <unknown>
#7 0x62bef48afcbf <unknown>
#8 0x62bef48b0a81 <unknown>
#9 0x62bef4e20a64 <unknown>
#10 0x62bef4e23951 <unknown>
#11 0x62bef4e0d21e <unknown>
#12 0x62bef4e2451e <unknown>
#13 0x62bef4df3be0 <unknown>
#14 0x62bef4e479b8 <unknown>
#15 0x62bef4e47b88 <unknown>
#16 0x62bef4e594de <unknown>
#17 0x7bf49c69caa4 <unknown>
#18 0x7bf49c729c6c <unknown>

2026-04-12 12:08:52 [INFO] --- Started scheduled run. Sleeping for 14 seconds (Jitter) ---
2026-04-12 12:09:01 [INFO] --- Started scheduled run. Sleeping for 58 seconds (Jitter) ---
2026-04-12 12:09:06 [INFO] Initializing browser...
2026-04-12 12:09:07 [INFO] patching driver executable /home/joao-martins/.local/share/undetected_chromedriver/undetected_chromedriver
2026-04-12 12:09:07 [INFO] 1. Navigating to Mobi.E map...
2026-04-12 12:09:24 [INFO] 2. Clicking 'Postos' tab...
2026-04-12 12:09:29 [INFO] 3. Clicking 'Limpar filtros'...
2026-04-12 12:09:34 [INFO] 3.5. Zooming out 2 times...
2026-04-12 12:09:39 [INFO] Waiting 10s for map bounds to completely stabilize...
2026-04-12 12:09:49 [INFO] 4. Clicking 'Filtrar'...
2026-04-12 12:09:49 [INFO] Waiting 20s for stations API request to finish...
2026-04-12 12:09:59 [INFO] Initializing browser...
2026-04-12 12:10:00 [INFO] patching driver executable /home/joao-martins/.local/share/undetected_chromedriver/undetected_chromedriver
2026-04-12 12:10:00 [INFO] 1. Navigating to Mobi.E map...
2026-04-12 12:10:09 [INFO] Status API text: Foram encontrados 7495 postos e 15873 tomadas
2026-04-12 12:10:09 [INFO] 5. Looking for the Export button...
2026-04-12 12:10:09 [INFO] Found blob href. Executing direct JS fetch...
2026-04-12 12:10:09 [INFO] SUCCESS! Saved 20260412_111009Z.csv (3650.17 KB)
2026-04-12 12:10:09 [INFO] Browser successfully killed to free memory. Run complete.

2026-04-12 12:10:17 [INFO] 2. Clicking 'Postos' tab...
2026-04-12 12:10:22 [INFO] 3. Clicking 'Limpar filtros'...
2026-04-12 12:10:27 [INFO] 3.5. Zooming out 2 times...
2026-04-12 12:10:31 [INFO] Waiting 10s for map bounds to completely stabilize...
2026-04-12 12:10:41 [INFO] 4. Clicking 'Filtrar'...
2026-04-12 12:10:41 [INFO] Waiting 20s for stations API request to finish...
2026-04-12 12:11:01 [INFO] Status API text: Foram encontrados 0 postos e 0 tomadas
2026-04-12 12:11:01 [INFO] 5. Looking for the Export button...
2026-04-12 12:11:01 [ERROR] Failed to find or download via Export button.
2026-04-12 12:11:01 [INFO] Browser successfully killed to free memory. Run complete.

2026-04-12 12:18:01 [INFO] --- Started scheduled run. Sleeping for 26 seconds (Jitter) ---
2026-04-12 12:18:27 [INFO] Initializing browser...
2026-04-12 12:18:28 [INFO] patching driver executable /home/joao-martins/.local/share/undetected_chromedriver/undetected_chromedriver
2026-04-12 12:18:28 [INFO] 1. Navigating to Mobi.E map...
2026-04-12 12:18:45 [INFO] 2. Clicking 'Postos' tab...
2026-04-12 12:18:50 [INFO] 3. Clicking 'Limpar filtros'...
2026-04-12 12:18:55 [INFO] 3.5. Zooming out 2 times...
2026-04-12 12:18:59 [INFO] Waiting 10s for map bounds to completely stabilize...
2026-04-12 12:19:09 [INFO] 4. Clicking 'Filtrar'...
2026-04-12 12:19:09 [INFO] Waiting 20s for stations API request to finish...
2026-04-12 12:19:29 [INFO] Status API text: Foram encontrados 0 postos e 0 tomadas
2026-04-12 12:19:29 [INFO] 5. Looking for the Export button...
2026-04-12 12:19:29 [ERROR] Failed to find or download via Export button.
2026-04-12 12:19:29 [INFO] Browser successfully killed to free memory. Run complete.

2026-04-12 12:27:01 [INFO] --- Started scheduled run. Sleeping for 45 seconds (Jitter) ---
2026-04-12 12:27:46 [INFO] Initializing browser...
2026-04-12 12:27:47 [INFO] patching driver executable /home/joao-martins/.local/share/undetected_chromedriver/undetected_chromedriver
2026-04-12 12:27:47 [INFO] 1. Navigating to Mobi.E map...
2026-04-12 12:28:04 [INFO] 2. Clicking 'Postos' tab...
2026-04-12 12:28:09 [INFO] 3. Clicking 'Limpar filtros'...
2026-04-12 12:28:14 [INFO] 3.5. Zooming out 2 times...
2026-04-12 12:28:18 [INFO] Waiting 10s for map bounds to completely stabilize...
2026-04-12 12:28:28 [INFO] 4. Clicking 'Filtrar'...
2026-04-12 12:28:28 [INFO] Waiting 20s for stations API request to finish...
2026-04-12 12:28:48 [INFO] Status API text: Foram encontrados 0 postos e 0 tomadas
2026-04-12 12:28:48 [INFO] 5. Looking for the Export button...
2026-04-12 12:28:48 [ERROR] Failed to find or download via Export button.
2026-04-12 12:28:48 [INFO] Browser successfully killed to free memory. Run complete.

2026-04-12 12:36:02 [INFO] --- Started scheduled run. Sleeping for 10 seconds (Jitter) ---
2026-04-12 12:36:12 [INFO] Initializing browser...
2026-04-12 12:36:12 [INFO] patching driver executable /home/joao-martins/.local/share/undetected_chromedriver/undetected_chromedriver
2026-04-12 12:36:13 [INFO] 1. Navigating to Mobi.E map...
2026-04-12 12:36:30 [INFO] 2. Clicking 'Postos' tab...
2026-04-12 12:36:35 [INFO] 3. Clicking 'Limpar filtros'...
2026-04-12 12:36:40 [INFO] 3.5. Zooming out 2 times...
2026-04-12 12:36:44 [INFO] Waiting 10s for map bounds to completely stabilize...
2026-04-12 12:36:54 [INFO] 4. Clicking 'Filtrar'...
2026-04-12 12:36:54 [INFO] Waiting 20s for stations API request to finish...
2026-04-12 12:37:14 [INFO] Status API text: Foram encontrados 0 postos e 0 tomadas
2026-04-12 12:37:14 [INFO] 5. Looking for the Export button...
2026-04-12 12:37:14 [ERROR] Failed to find or download via Export button.
2026-04-12 12:37:14 [INFO] Browser successfully killed to free memory. Run complete.

2026-04-12 12:45:01 [INFO] --- Started scheduled run. Sleeping for 28 seconds (Jitter) ---
2026-04-12 12:45:29 [INFO] Initializing browser...
2026-04-12 12:45:30 [INFO] patching driver executable /home/joao-martins/.local/share/undetected_chromedriver/undetected_chromedriver
2026-04-12 12:45:30 [INFO] 1. Navigating to Mobi.E map...
2026-04-12 12:45:47 [INFO] 2. Clicking 'Postos' tab...
2026-04-12 12:45:52 [INFO] 3. Clicking 'Limpar filtros'...
2026-04-12 12:45:57 [INFO] 3.5. Zooming out 2 times...
2026-04-12 12:46:01 [INFO] Waiting 10s for map bounds to completely stabilize...
2026-04-12 12:46:11 [INFO] 4. Clicking 'Filtrar'...
2026-04-12 12:46:11 [INFO] Waiting 20s for stations API request to finish...
2026-04-12 12:46:31 [INFO] Status API text: Foram encontrados 0 postos e 0 tomadas
2026-04-12 12:46:31 [INFO] 5. Looking for the Export button...
2026-04-12 12:46:31 [ERROR] Failed to find or download via Export button.
2026-04-12 12:46:31 [INFO] Browser successfully killed to free memory. Run complete.

2026-04-12 12:54:01 [INFO] --- Started scheduled run. Sleeping for 34 seconds (Jitter) ---
2026-04-12 12:54:35 [INFO] Initializing browser...
2026-04-12 12:54:36 [INFO] patching driver executable /home/joao-martins/.local/share/undetected_chromedriver/undetected_chromedriver
2026-04-12 12:54:36 [INFO] 1. Navigating to Mobi.E map...
2026-04-12 12:54:53 [INFO] 2. Clicking 'Postos' tab...
2026-04-12 12:54:58 [INFO] 3. Clicking 'Limpar filtros'...
2026-04-12 12:55:03 [INFO] 3.5. Zooming out 2 times...
2026-04-12 12:55:07 [INFO] Waiting 10s for map bounds to completely stabilize...
2026-04-12 12:55:17 [INFO] 4. Clicking 'Filtrar'...
2026-04-12 12:55:17 [INFO] Waiting 20s for stations API request to finish...
2026-04-12 12:55:37 [INFO] Status API text: Foram encontrados 0 postos e 0 tomadas
2026-04-12 12:55:37 [INFO] 5. Looking for the Export button...
2026-04-12 12:55:37 [ERROR] Failed to find or download via Export button.
2026-04-12 12:55:37 [INFO] Browser successfully killed to free memory. Run complete.

2026-04-12 13:00:02 [INFO] --- Started scheduled run. Sleeping for 32 seconds (Jitter) ---
2026-04-12 13:00:34 [INFO] Initializing browser...
2026-04-12 13:00:34 [INFO] patching driver executable /home/joao-martins/.local/share/undetected_chromedriver/undetected_chromedriver
2026-04-12 13:00:34 [INFO] 1. Navigating to Mobi.E map...
2026-04-12 13:00:52 [INFO] 2. Clicking 'Postos' tab...
2026-04-12 13:00:57 [INFO] 3. Clicking 'Limpar filtros'...
2026-04-12 13:01:02 [INFO] 3.5. Zooming out 2 times...
2026-04-12 13:01:06 [INFO] Waiting 10s for map bounds to completely stabilize...
2026-04-12 13:01:16 [INFO] 4. Clicking 'Filtrar'...
2026-04-12 13:01:16 [INFO] Waiting 20s for stations API request to finish...
2026-04-12 13:01:36 [INFO] Status API text: Foram encontrados 0 postos e 0 tomadas
2026-04-12 13:01:36 [INFO] 5. Looking for the Export button...
2026-04-12 13:01:36 [ERROR] Failed to find or download via Export button.
2026-04-12 13:01:36 [INFO] Browser successfully killed to free memory. Run complete.

2026-04-12 13:09:02 [INFO] --- Started scheduled run. Sleeping for 5 seconds (Jitter) ---
2026-04-12 13:09:07 [INFO] Initializing browser...
2026-04-12 13:09:07 [INFO] patching driver executable /home/joao-martins/.local/share/undetected_chromedriver/undetected_chromedriver
2026-04-12 13:09:07 [INFO] 1. Navigating to Mobi.E map...
2026-04-12 13:09:24 [INFO] 2. Clicking 'Postos' tab...
2026-04-12 13:09:29 [INFO] 3. Clicking 'Limpar filtros'...
2026-04-12 13:09:34 [INFO] 3.5. Zooming out 2 times...
2026-04-12 13:09:38 [INFO] Waiting 10s for map bounds to completely stabilize...
2026-04-12 13:09:48 [INFO] 4. Clicking 'Filtrar'...
2026-04-12 13:09:49 [INFO] Waiting 20s for stations API request to finish...
2026-04-12 13:10:09 [INFO] Status API text: Foram encontrados 0 postos e 0 tomadas
2026-04-12 13:10:09 [INFO] 5. Looking for the Export button...
2026-04-12 13:10:09 [ERROR] Failed to find or download via Export button.
2026-04-12 13:10:09 [INFO] Browser successfully killed to free memory. Run complete.

2026-04-12 13:18:01 [INFO] --- Started scheduled run. Sleeping for 9 seconds (Jitter) ---
2026-04-12 13:18:10 [INFO] Initializing browser...
2026-04-12 13:18:11 [INFO] patching driver executable /home/joao-martins/.local/share/undetected_chromedriver/undetected_chromedriver
2026-04-12 13:18:11 [INFO] 1. Navigating to Mobi.E map...
2026-04-12 13:18:28 [INFO] 2. Clicking 'Postos' tab...
2026-04-12 13:18:33 [INFO] 3. Clicking 'Limpar filtros'...
2026-04-12 13:18:38 [INFO] 3.5. Zooming out 2 times...
2026-04-12 13:18:42 [INFO] Waiting 10s for map bounds to completely stabilize...
2026-04-12 13:18:52 [INFO] 4. Clicking 'Filtrar'...
2026-04-12 13:18:52 [INFO] Waiting 20s for stations API request to finish...
2026-04-12 13:19:12 [INFO] Status API text: Foram encontrados 0 postos e 0 tomadas
2026-04-12 13:19:12 [INFO] 5. Looking for the Export button...
2026-04-12 13:19:12 [ERROR] Failed to find or download via Export button.
2026-04-12 13:19:12 [INFO] Browser successfully killed to free memory. Run complete.

2026-04-12 13:27:01 [INFO] --- Started scheduled run. Sleeping for 0 seconds (Jitter) ---
2026-04-12 13:27:01 [INFO] Initializing browser...
2026-04-12 13:27:02 [INFO] patching driver executable /home/joao-martins/.local/share/undetected_chromedriver/undetected_chromedriver
2026-04-12 13:27:02 [INFO] 1. Navigating to Mobi.E map...
2026-04-12 13:27:19 [INFO] 2. Clicking 'Postos' tab...
2026-04-12 13:27:24 [INFO] 3. Clicking 'Limpar filtros'...
2026-04-12 13:27:29 [INFO] 3.5. Zooming out 2 times...
2026-04-12 13:27:33 [INFO] Waiting 10s for map bounds to completely stabilize...
2026-04-12 13:27:43 [INFO] 4. Clicking 'Filtrar'...
2026-04-12 13:27:43 [INFO] Waiting 20s for stations API request to finish...
2026-04-12 13:28:03 [INFO] Status API text: Foram encontrados 0 postos e 0 tomadas
2026-04-12 13:28:03 [INFO] 5. Looking for the Export button...
2026-04-12 13:28:03 [ERROR] Failed to find or download via Export button.
2026-04-12 13:28:03 [INFO] Browser successfully killed to free memory. Run complete.

2026-04-12 13:36:02 [INFO] --- Started scheduled run. Sleeping for 31 seconds (Jitter) ---
2026-04-12 13:36:33 [INFO] Initializing browser...
2026-04-12 13:36:33 [INFO] patching driver executable /home/joao-martins/.local/share/undetected_chromedriver/undetected_chromedriver
2026-04-12 13:36:34 [INFO] 1. Navigating to Mobi.E map...
2026-04-12 13:36:51 [INFO] 2. Clicking 'Postos' tab...
2026-04-12 13:36:56 [INFO] 3. Clicking 'Limpar filtros'...
2026-04-12 13:37:01 [INFO] 3.5. Zooming out 2 times...
2026-04-12 13:37:05 [INFO] Waiting 10s for map bounds to completely stabilize...
2026-04-12 13:37:15 [INFO] 4. Clicking 'Filtrar'...
2026-04-12 13:37:15 [INFO] Waiting 20s for stations API request to finish...
2026-04-12 13:37:35 [INFO] Status API text: Foram encontrados 0 postos e 0 tomadas
2026-04-12 13:37:35 [INFO] 5. Looking for the Export button...
2026-04-12 13:37:35 [ERROR] Failed to find or download via Export button.
2026-04-12 13:37:35 [INFO] Browser successfully killed to free memory. Run complete.

2026-04-12 13:45:01 [INFO] --- Started scheduled run. Sleeping for 36 seconds (Jitter) ---
2026-04-12 13:45:37 [INFO] Initializing browser...
2026-04-12 13:45:38 [INFO] patching driver executable /home/joao-martins/.local/share/undetected_chromedriver/undetected_chromedriver
2026-04-12 13:45:38 [INFO] 1. Navigating to Mobi.E map...
2026-04-12 13:45:55 [INFO] 2. Clicking 'Postos' tab...
2026-04-12 13:46:00 [INFO] 3. Clicking 'Limpar filtros'...
2026-04-12 13:46:05 [INFO] 3.5. Zooming out 2 times...
2026-04-12 13:46:09 [INFO] Waiting 10s for map bounds to completely stabilize...
2026-04-12 13:46:19 [INFO] 4. Clicking 'Filtrar'...
2026-04-12 13:46:19 [INFO] Waiting 20s for stations API request to finish...
2026-04-12 13:46:39 [INFO] Status API text: Foram encontrados 0 postos e 0 tomadas
2026-04-12 13:46:39 [INFO] 5. Looking for the Export button...
2026-04-12 13:46:39 [ERROR] Failed to find or download via Export button.
2026-04-12 13:46:39 [INFO] Browser successfully killed to free memory. Run complete.

2026-04-12 13:54:01 [INFO] --- Started scheduled run. Sleeping for 60 seconds (Jitter) ---
2026-04-12 13:55:01 [INFO] Initializing browser...
2026-04-12 13:55:01 [INFO] patching driver executable /home/joao-martins/.local/share/undetected_chromedriver/undetected_chromedriver
2026-04-12 13:55:02 [INFO] 1. Navigating to Mobi.E map...
2026-04-12 13:55:19 [INFO] 2. Clicking 'Postos' tab...
2026-04-12 13:55:24 [INFO] 3. Clicking 'Limpar filtros'...
2026-04-12 13:55:29 [INFO] 3.5. Zooming out 2 times...
2026-04-12 13:55:33 [INFO] Waiting 10s for map bounds to completely stabilize...
2026-04-12 13:55:43 [INFO] 4. Clicking 'Filtrar'...
2026-04-12 13:55:43 [INFO] Waiting 20s for stations API request to finish...
2026-04-12 13:56:03 [INFO] Status API text: Foram encontrados 0 postos e 0 tomadas
2026-04-12 13:56:03 [INFO] 5. Looking for the Export button...
2026-04-12 13:56:03 [ERROR] Failed to find or download via Export button.
2026-04-12 13:56:03 [INFO] Browser successfully killed to free memory. Run complete.

2026-04-12 14:00:01 [INFO] --- Started scheduled run. Sleeping for 23 seconds (Jitter) ---
2026-04-12 14:00:24 [INFO] Initializing browser...
2026-04-12 14:00:25 [INFO] patching driver executable /home/joao-martins/.local/share/undetected_chromedriver/undetected_chromedriver
2026-04-12 14:00:25 [INFO] 1. Navigating to Mobi.E map...
2026-04-12 14:00:43 [INFO] 2. Clicking 'Postos' tab...
2026-04-12 14:00:48 [INFO] 3. Clicking 'Limpar filtros'...
2026-04-12 14:00:53 [INFO] 3.5. Zooming out 2 times...
2026-04-12 14:00:57 [INFO] Waiting 10s for map bounds to completely stabilize...
2026-04-12 14:01:07 [INFO] 4. Clicking 'Filtrar'...
2026-04-12 14:01:07 [INFO] Waiting 20s for stations API request to finish...
2026-04-12 14:01:27 [INFO] Status API text: Foram encontrados 0 postos e 0 tomadas
2026-04-12 14:01:27 [INFO] 5. Looking for the Export button...
2026-04-12 14:01:27 [ERROR] Failed to find or download via Export button.
2026-04-12 14:01:27 [INFO] Browser successfully killed to free memory. Run complete.

2026-04-12 14:09:01 [INFO] --- Started scheduled run. Sleeping for 1 seconds (Jitter) ---
2026-04-12 14:09:02 [INFO] Initializing browser...
2026-04-12 14:09:03 [INFO] patching driver executable /home/joao-martins/.local/share/undetected_chromedriver/undetected_chromedriver
2026-04-12 14:09:03 [INFO] 1. Navigating to Mobi.E map...
2026-04-12 14:09:20 [INFO] 2. Clicking 'Postos' tab...
2026-04-12 14:09:25 [INFO] 3. Clicking 'Limpar filtros'...
2026-04-12 14:09:30 [INFO] 3.5. Zooming out 2 times...
2026-04-12 14:09:34 [INFO] Waiting 10s for map bounds to completely stabilize...
2026-04-12 14:09:44 [INFO] 4. Clicking 'Filtrar'...
2026-04-12 14:09:44 [INFO] Waiting 20s for stations API request to finish...
2026-04-12 14:10:04 [INFO] Status API text: Foram encontrados 0 postos e 0 tomadas
2026-04-12 14:10:04 [INFO] 5. Looking for the Export button...
2026-04-12 14:10:04 [ERROR] Failed to find or download via Export button.
2026-04-12 14:10:04 [INFO] Browser successfully killed to free memory. Run complete.

2026-04-12 14:18:01 [INFO] --- Started scheduled run. Sleeping for 21 seconds (Jitter) ---
2026-04-12 14:18:22 [INFO] Initializing browser...
2026-04-12 14:18:23 [INFO] patching driver executable /home/joao-martins/.local/share/undetected_chromedriver/undetected_chromedriver
2026-04-12 14:18:23 [INFO] 1. Navigating to Mobi.E map...
2026-04-12 14:18:40 [INFO] 2. Clicking 'Postos' tab...
2026-04-12 14:18:45 [INFO] 3. Clicking 'Limpar filtros'...
2026-04-12 14:18:50 [INFO] 3.5. Zooming out 2 times...
2026-04-12 14:18:54 [INFO] Waiting 10s for map bounds to completely stabilize...
2026-04-12 14:19:04 [INFO] 4. Clicking 'Filtrar'...
2026-04-12 14:19:04 [INFO] Waiting 20s for stations API request to finish...
2026-04-12 14:19:24 [INFO] Status API text: Foram encontrados 0 postos e 0 tomadas
2026-04-12 14:19:24 [INFO] 5. Looking for the Export button...
2026-04-12 14:19:24 [ERROR] Failed to find or download via Export button.
2026-04-12 14:19:24 [INFO] Browser successfully killed to free memory. Run complete.

2026-04-12 14:27:01 [INFO] --- Started scheduled run. Sleeping for 34 seconds (Jitter) ---
2026-04-12 14:27:35 [INFO] Initializing browser...
2026-04-12 14:27:36 [INFO] patching driver executable /home/joao-martins/.local/share/undetected_chromedriver/undetected_chromedriver
2026-04-12 14:27:36 [INFO] 1. Navigating to Mobi.E map...
2026-04-12 14:27:53 [INFO] 2. Clicking 'Postos' tab...
2026-04-12 14:27:58 [INFO] 3. Clicking 'Limpar filtros'...
2026-04-12 14:28:04 [INFO] 3.5. Zooming out 2 times...
2026-04-12 14:28:08 [INFO] Waiting 10s for map bounds to completely stabilize...
2026-04-12 14:28:18 [INFO] 4. Clicking 'Filtrar'...
2026-04-12 14:28:18 [INFO] Waiting 20s for stations API request to finish...
2026-04-12 14:28:38 [INFO] Status API text: Foram encontrados 7493 postos e 15873 tomadas
2026-04-12 14:28:38 [INFO] 5. Looking for the Export button...
2026-04-12 14:28:38 [INFO] Found blob href. Executing direct JS fetch...
2026-04-12 14:28:38 [INFO] SUCCESS! Saved 20260412_132838Z.csv (3649.07 KB)
2026-04-12 14:28:38 [INFO] Browser successfully killed to free memory. Run complete.

2026-04-12 14:36:02 [INFO] --- Started scheduled run. Sleeping for 12 seconds (Jitter) ---
2026-04-12 14:36:14 [INFO] Initializing browser...
2026-04-12 14:36:15 [INFO] patching driver executable /home/joao-martins/.local/share/undetected_chromedriver/undetected_chromedriver
2026-04-12 14:36:15 [INFO] 1. Navigating to Mobi.E map...
2026-04-12 14:36:32 [INFO] 2. Clicking 'Postos' tab...
2026-04-12 14:36:37 [INFO] 3. Clicking 'Limpar filtros'...
2026-04-12 14:36:42 [INFO] 3.5. Zooming out 2 times...
2026-04-12 14:36:46 [INFO] Waiting 10s for map bounds to completely stabilize...
2026-04-12 14:36:56 [INFO] 4. Clicking 'Filtrar'...
2026-04-12 14:36:56 [INFO] Waiting 20s for stations API request to finish...
2026-04-12 14:37:16 [INFO] Status API text: Foram encontrados 7488 postos e 15861 tomadas
2026-04-12 14:37:16 [INFO] 5. Looking for the Export button...
2026-04-12 14:37:16 [INFO] Found blob href. Executing direct JS fetch...
2026-04-12 14:37:16 [INFO] SUCCESS! Saved 20260412_133716Z.csv (3646.94 KB)
2026-04-12 14:37:16 [INFO] Browser successfully killed to free memory. Run complete.

2026-04-12 14:45:01 [INFO] --- Started scheduled run. Sleeping for 59 seconds (Jitter) ---
2026-04-12 14:46:00 [INFO] Initializing browser...
2026-04-12 14:46:01 [INFO] patching driver executable /home/joao-martins/.local/share/undetected_chromedriver/undetected_chromedriver
2026-04-12 14:46:01 [INFO] 1. Navigating to Mobi.E map...
2026-04-12 14:46:18 [INFO] 2. Clicking 'Postos' tab...
2026-04-12 14:46:23 [INFO] 3. Clicking 'Limpar filtros'...
2026-04-12 14:46:28 [INFO] 3.5. Zooming out 2 times...
2026-04-12 14:46:32 [INFO] Waiting 10s for map bounds to completely stabilize...
2026-04-12 14:46:42 [INFO] 4. Clicking 'Filtrar'...
2026-04-12 14:46:42 [INFO] Waiting 20s for stations API request to finish...
2026-04-12 14:47:02 [INFO] Status API text: Foram encontrados 0 postos e 0 tomadas
2026-04-12 14:47:02 [INFO] 5. Looking for the Export button...
2026-04-12 14:47:02 [ERROR] Failed to find or download via Export button.
2026-04-12 14:47:02 [INFO] Browser successfully killed to free memory. Run complete.

2026-04-12 14:54:01 [INFO] --- Started scheduled run. Sleeping for 27 seconds (Jitter) ---
2026-04-12 14:54:28 [INFO] Initializing browser...
2026-04-12 14:54:29 [INFO] patching driver executable /home/joao-martins/.local/share/undetected_chromedriver/undetected_chromedriver
2026-04-12 14:54:29 [INFO] 1. Navigating to Mobi.E map...
2026-04-12 14:54:46 [INFO] 2. Clicking 'Postos' tab...
2026-04-12 14:54:51 [INFO] 3. Clicking 'Limpar filtros'...
2026-04-12 14:54:56 [INFO] 3.5. Zooming out 2 times...
2026-04-12 14:55:00 [INFO] Waiting 10s for map bounds to completely stabilize...
2026-04-12 14:55:10 [INFO] 4. Clicking 'Filtrar'...
2026-04-12 14:55:10 [INFO] Waiting 20s for stations API request to finish...
2026-04-12 14:55:30 [INFO] Status API text: Foram encontrados 0 postos e 0 tomadas
2026-04-12 14:55:30 [INFO] 5. Looking for the Export button...
2026-04-12 14:55:30 [ERROR] Failed to find or download via Export button.
2026-04-12 14:55:30 [INFO] Browser successfully killed to free memory. Run complete.

2026-04-12 15:00:01 [INFO] --- Started scheduled run. Sleeping for 20 seconds (Jitter) ---
2026-04-12 15:00:21 [INFO] Initializing browser...
2026-04-12 15:00:21 [INFO] patching driver executable /home/joao-martins/.local/share/undetected_chromedriver/undetected_chromedriver
2026-04-12 15:00:22 [INFO] 1. Navigating to Mobi.E map...
2026-04-12 15:00:39 [INFO] 2. Clicking 'Postos' tab...
2026-04-12 15:00:44 [INFO] 3. Clicking 'Limpar filtros'...
2026-04-12 15:00:49 [INFO] 3.5. Zooming out 2 times...
2026-04-12 15:00:53 [INFO] Waiting 10s for map bounds to completely stabilize...
2026-04-12 15:01:03 [INFO] 4. Clicking 'Filtrar'...
2026-04-12 15:01:03 [INFO] Waiting 20s for stations API request to finish...
2026-04-12 15:01:23 [INFO] Status API text: Foram encontrados 0 postos e 0 tomadas
2026-04-12 15:01:23 [INFO] 5. Looking for the Export button...
2026-04-12 15:01:23 [ERROR] Failed to find or download via Export button.
2026-04-12 15:01:23 [INFO] Browser successfully killed to free memory. Run complete.

2026-04-12 15:09:02 [INFO] --- Started scheduled run. Sleeping for 54 seconds (Jitter) ---
2026-04-12 15:09:56 [INFO] Initializing browser...
2026-04-12 15:09:57 [INFO] patching driver executable /home/joao-martins/.local/share/undetected_chromedriver/undetected_chromedriver
2026-04-12 15:09:57 [INFO] 1. Navigating to Mobi.E map...
2026-04-12 15:10:14 [INFO] 2. Clicking 'Postos' tab...
2026-04-12 15:10:19 [INFO] 3. Clicking 'Limpar filtros'...
2026-04-12 15:10:24 [INFO] 3.5. Zooming out 2 times...
2026-04-12 15:10:28 [INFO] Waiting 10s for map bounds to completely stabilize...
2026-04-12 15:10:38 [INFO] 4. Clicking 'Filtrar'...
2026-04-12 15:10:38 [INFO] Waiting 20s for stations API request to finish...
2026-04-12 15:10:58 [INFO] Status API text: Foram encontrados 7495 postos e 15878 tomadas
2026-04-12 15:10:58 [INFO] 5. Looking for the Export button...
2026-04-12 15:10:58 [INFO] Found blob href. Executing direct JS fetch...
2026-04-12 15:10:59 [INFO] SUCCESS! Saved 20260412_141059Z.csv (3650.58 KB)
2026-04-12 15:10:59 [INFO] Browser successfully killed to free memory. Run complete.

2026-04-12 15:18:01 [INFO] --- Started scheduled run. Sleeping for 20 seconds (Jitter) ---
2026-04-12 15:18:21 [INFO] Initializing browser...
2026-04-12 15:18:23 [INFO] patching driver executable /home/joao-martins/.local/share/undetected_chromedriver/undetected_chromedriver
2026-04-12 15:18:23 [INFO] 1. Navigating to Mobi.E map...
2026-04-12 15:18:40 [INFO] 2. Clicking 'Postos' tab...
2026-04-12 15:18:45 [INFO] 3. Clicking 'Limpar filtros'...
2026-04-12 15:18:50 [INFO] 3.5. Zooming out 2 times...
2026-04-12 15:18:54 [INFO] Waiting 10s for map bounds to completely stabilize...
2026-04-12 15:19:04 [INFO] 4. Clicking 'Filtrar'...
2026-04-12 15:19:04 [INFO] Waiting 20s for stations API request to finish...
2026-04-12 15:19:24 [INFO] Status API text: Foram encontrados 0 postos e 0 tomadas
2026-04-12 15:19:24 [INFO] 5. Looking for the Export button...
2026-04-12 15:19:24 [ERROR] Failed to find or download via Export button.
2026-04-12 15:19:24 [INFO] Browser successfully killed to free memory. Run complete.

2026-04-12 15:27:01 [INFO] --- Started scheduled run. Sleeping for 40 seconds (Jitter) ---
2026-04-12 15:27:41 [INFO] Initializing browser...
2026-04-12 15:27:42 [INFO] patching driver executable /home/joao-martins/.local/share/undetected_chromedriver/undetected_chromedriver
2026-04-12 15:27:42 [INFO] 1. Navigating to Mobi.E map...
2026-04-12 15:27:59 [INFO] 2. Clicking 'Postos' tab...
2026-04-12 15:28:04 [INFO] 3. Clicking 'Limpar filtros'...
2026-04-12 15:28:09 [INFO] 3.5. Zooming out 2 times...
2026-04-12 15:28:13 [INFO] Waiting 10s for map bounds to completely stabilize...
2026-04-12 15:28:23 [INFO] 4. Clicking 'Filtrar'...
2026-04-12 15:28:23 [INFO] Waiting 20s for stations API request to finish...
2026-04-12 15:28:43 [INFO] Status API text: Foram encontrados 0 postos e 0 tomadas
2026-04-12 15:28:43 [INFO] 5. Looking for the Export button...
2026-04-12 15:28:43 [ERROR] Failed to find or download via Export button.
2026-04-12 15:28:43 [INFO] Browser successfully killed to free memory. Run complete.

2026-04-12 15:36:02 [INFO] --- Started scheduled run. Sleeping for 13 seconds (Jitter) ---
2026-04-12 15:36:15 [INFO] Initializing browser...
2026-04-12 15:36:15 [INFO] patching driver executable /home/joao-martins/.local/share/undetected_chromedriver/undetected_chromedriver
2026-04-12 15:36:16 [INFO] 1. Navigating to Mobi.E map...
2026-04-12 15:36:33 [INFO] 2. Clicking 'Postos' tab...
2026-04-12 15:36:38 [INFO] 3. Clicking 'Limpar filtros'...
2026-04-12 15:36:43 [INFO] 3.5. Zooming out 2 times...
2026-04-12 15:36:47 [INFO] Waiting 10s for map bounds to completely stabilize...
2026-04-12 15:36:57 [INFO] 4. Clicking 'Filtrar'...
2026-04-12 15:36:57 [INFO] Waiting 20s for stations API request to finish...
2026-04-12 15:37:17 [INFO] Status API text: Foram encontrados 0 postos e 0 tomadas
2026-04-12 15:37:17 [INFO] 5. Looking for the Export button...
2026-04-12 15:37:17 [ERROR] Failed to find or download via Export button.
2026-04-12 15:37:17 [INFO] Browser successfully killed to free memory. Run complete.

2026-04-12 15:45:01 [INFO] --- Started scheduled run. Sleeping for 0 seconds (Jitter) ---
2026-04-12 15:45:01 [INFO] Initializing browser...
2026-04-12 15:45:02 [INFO] patching driver executable /home/joao-martins/.local/share/undetected_chromedriver/undetected_chromedriver
2026-04-12 15:45:02 [INFO] 1. Navigating to Mobi.E map...
2026-04-12 15:45:19 [INFO] 2. Clicking 'Postos' tab...
2026-04-12 15:45:24 [INFO] 3. Clicking 'Limpar filtros'...
2026-04-12 15:45:29 [INFO] 3.5. Zooming out 2 times...
2026-04-12 15:45:34 [INFO] Waiting 10s for map bounds to completely stabilize...
2026-04-12 15:45:44 [INFO] 4. Clicking 'Filtrar'...
2026-04-12 15:45:44 [INFO] Waiting 20s for stations API request to finish...
2026-04-12 15:46:04 [INFO] Status API text: Foram encontrados 7492 postos e 15866 tomadas
2026-04-12 15:46:04 [INFO] 5. Looking for the Export button...
2026-04-12 15:46:04 [INFO] Found blob href. Executing direct JS fetch...
2026-04-12 15:46:04 [INFO] SUCCESS! Saved 20260412_144604Z.csv (3647.93 KB)
2026-04-12 15:46:04 [INFO] Browser successfully killed to free memory. Run complete.

2026-04-12 15:54:01 [INFO] --- Started scheduled run. Sleeping for 30 seconds (Jitter) ---
2026-04-12 15:54:31 [INFO] Initializing browser...
2026-04-12 15:54:32 [INFO] patching driver executable /home/joao-martins/.local/share/undetected_chromedriver/undetected_chromedriver
2026-04-12 15:54:32 [INFO] 1. Navigating to Mobi.E map...
2026-04-12 15:54:49 [INFO] 2. Clicking 'Postos' tab...
2026-04-12 15:54:54 [INFO] 3. Clicking 'Limpar filtros'...
2026-04-12 15:54:59 [INFO] 3.5. Zooming out 2 times...
2026-04-12 15:55:03 [INFO] Waiting 10s for map bounds to completely stabilize...
2026-04-12 15:55:13 [INFO] 4. Clicking 'Filtrar'...
2026-04-12 15:55:13 [INFO] Waiting 20s for stations API request to finish...
2026-04-12 15:55:33 [INFO] Status API text: Foram encontrados 0 postos e 0 tomadas
2026-04-12 15:55:33 [INFO] 5. Looking for the Export button...
2026-04-12 15:55:33 [ERROR] Failed to find or download via Export button.
2026-04-12 15:55:33 [INFO] Browser successfully killed to free memory. Run complete.

2026-04-12 16:00:01 [INFO] --- Started scheduled run. Sleeping for 2 seconds (Jitter) ---
2026-04-12 16:00:03 [INFO] Initializing browser...
2026-04-12 16:00:04 [INFO] patching driver executable /home/joao-martins/.local/share/undetected_chromedriver/undetected_chromedriver
2026-04-12 16:00:04 [INFO] 1. Navigating to Mobi.E map...
2026-04-12 16:00:21 [INFO] 2. Clicking 'Postos' tab...
2026-04-12 16:00:26 [INFO] 3. Clicking 'Limpar filtros'...
2026-04-12 16:00:31 [INFO] 3.5. Zooming out 2 times...
2026-04-12 16:00:35 [INFO] Waiting 10s for map bounds to completely stabilize...
2026-04-12 16:00:45 [INFO] 4. Clicking 'Filtrar'...
2026-04-12 16:00:45 [INFO] Waiting 20s for stations API request to finish...
2026-04-12 16:01:05 [INFO] Status API text: Foram encontrados 7493 postos e 15871 tomadas
2026-04-12 16:01:05 [INFO] 5. Looking for the Export button...
2026-04-12 16:01:05 [INFO] Found blob href. Executing direct JS fetch...
2026-04-12 16:01:06 [INFO] SUCCESS! Saved 20260412_150106Z.csv (3649.04 KB)
2026-04-12 16:01:06 [INFO] Browser successfully killed to free memory. Run complete.

2026-04-12 16:09:01 [INFO] --- Started scheduled run. Sleeping for 57 seconds (Jitter) ---
2026-04-12 16:09:58 [INFO] Initializing browser...
2026-04-12 16:09:59 [INFO] patching driver executable /home/joao-martins/.local/share/undetected_chromedriver/undetected_chromedriver
2026-04-12 16:09:59 [INFO] 1. Navigating to Mobi.E map...
2026-04-12 16:10:16 [INFO] 2. Clicking 'Postos' tab...
2026-04-12 16:10:21 [INFO] 3. Clicking 'Limpar filtros'...
2026-04-12 16:10:26 [INFO] 3.5. Zooming out 2 times...
2026-04-12 16:10:30 [INFO] Waiting 10s for map bounds to completely stabilize...
2026-04-12 16:10:40 [INFO] 4. Clicking 'Filtrar'...
2026-04-12 16:10:40 [INFO] Waiting 20s for stations API request to finish...
2026-04-12 16:11:00 [INFO] Status API text: Foram encontrados 0 postos e 0 tomadas
2026-04-12 16:11:00 [INFO] 5. Looking for the Export button...
2026-04-12 16:11:00 [ERROR] Failed to find or download via Export button.
2026-04-12 16:11:00 [INFO] Browser successfully killed to free memory. Run complete.

2026-04-12 16:18:01 [INFO] --- Started scheduled run. Sleeping for 35 seconds (Jitter) ---
2026-04-12 16:18:36 [INFO] Initializing browser...
2026-04-12 16:18:37 [INFO] patching driver executable /home/joao-martins/.local/share/undetected_chromedriver/undetected_chromedriver
2026-04-12 16:18:37 [INFO] 1. Navigating to Mobi.E map...
2026-04-12 16:18:54 [INFO] 2. Clicking 'Postos' tab...
2026-04-12 16:18:59 [INFO] 3. Clicking 'Limpar filtros'...
2026-04-12 16:19:04 [INFO] 3.5. Zooming out 2 times...
2026-04-12 16:19:08 [INFO] Waiting 10s for map bounds to completely stabilize...
2026-04-12 16:19:18 [INFO] 4. Clicking 'Filtrar'...
2026-04-12 16:19:18 [INFO] Waiting 20s for stations API request to finish...
2026-04-12 16:19:38 [INFO] Status API text: Foram encontrados 0 postos e 0 tomadas
2026-04-12 16:19:38 [INFO] 5. Looking for the Export button...
2026-04-12 16:19:38 [ERROR] Failed to find or download via Export button.
2026-04-12 16:19:38 [INFO] Browser successfully killed to free memory. Run complete.

2026-04-12 16:27:01 [INFO] --- Started scheduled run. Sleeping for 28 seconds (Jitter) ---
2026-04-12 16:27:29 [INFO] Initializing browser...
2026-04-12 16:27:29 [INFO] patching driver executable /home/joao-martins/.local/share/undetected_chromedriver/undetected_chromedriver
2026-04-12 16:27:30 [INFO] 1. Navigating to Mobi.E map...
2026-04-12 16:27:47 [INFO] 2. Clicking 'Postos' tab...
2026-04-12 16:27:52 [INFO] 3. Clicking 'Limpar filtros'...
2026-04-12 16:27:57 [INFO] 3.5. Zooming out 2 times...
2026-04-12 16:28:01 [INFO] Waiting 10s for map bounds to completely stabilize...
2026-04-12 16:28:11 [INFO] 4. Clicking 'Filtrar'...
2026-04-12 16:28:11 [INFO] Waiting 20s for stations API request to finish...
2026-04-12 16:28:31 [INFO] Status API text: Foram encontrados 7492 postos e 15869 tomadas
2026-04-12 16:28:31 [INFO] 5. Looking for the Export button...
2026-04-12 16:28:31 [INFO] Found blob href. Executing direct JS fetch...
2026-04-12 16:28:31 [INFO] SUCCESS! Saved 20260412_152831Z.csv (3648.72 KB)
2026-04-12 16:28:31 [INFO] Browser successfully killed to free memory. Run complete.

2026-04-12 16:36:01 [INFO] --- Started scheduled run. Sleeping for 12 seconds (Jitter) ---
2026-04-12 16:36:13 [INFO] Initializing browser...
2026-04-12 16:36:14 [INFO] patching driver executable /home/joao-martins/.local/share/undetected_chromedriver/undetected_chromedriver
2026-04-12 16:36:14 [INFO] 1. Navigating to Mobi.E map...
2026-04-12 16:36:31 [INFO] 2. Clicking 'Postos' tab...
2026-04-12 16:36:36 [INFO] 3. Clicking 'Limpar filtros'...
2026-04-12 16:36:41 [INFO] 3.5. Zooming out 2 times...
2026-04-12 16:36:45 [INFO] Waiting 10s for map bounds to completely stabilize...
2026-04-12 16:36:55 [INFO] 4. Clicking 'Filtrar'...
2026-04-12 16:36:55 [INFO] Waiting 20s for stations API request to finish...
2026-04-12 16:37:15 [INFO] Status API text: Foram encontrados 7492 postos e 15868 tomadas
2026-04-12 16:37:15 [INFO] 5. Looking for the Export button...
2026-04-12 16:37:15 [INFO] Found blob href. Executing direct JS fetch...
2026-04-12 16:37:15 [INFO] SUCCESS! Saved 20260412_153715Z.csv (3648.40 KB)
2026-04-12 16:37:15 [INFO] Browser successfully killed to free memory. Run complete.

2026-04-12 16:45:01 [INFO] --- Started scheduled run. Sleeping for 37 seconds (Jitter) ---
2026-04-12 16:45:38 [INFO] Initializing browser...
2026-04-12 16:45:39 [INFO] patching driver executable /home/joao-martins/.local/share/undetected_chromedriver/undetected_chromedriver
2026-04-12 16:45:39 [INFO] 1. Navigating to Mobi.E map...
2026-04-12 16:45:56 [INFO] 2. Clicking 'Postos' tab...
2026-04-12 16:46:01 [INFO] 3. Clicking 'Limpar filtros'...
2026-04-12 16:46:06 [INFO] 3.5. Zooming out 2 times...
2026-04-12 16:46:10 [INFO] Waiting 10s for map bounds to completely stabilize...
2026-04-12 16:46:20 [INFO] 4. Clicking 'Filtrar'...
2026-04-12 16:46:20 [INFO] Waiting 20s for stations API request to finish...
2026-04-12 16:46:40 [INFO] Status API text: Foram encontrados 0 postos e 0 tomadas
2026-04-12 16:46:40 [INFO] 5. Looking for the Export button...
2026-04-12 16:46:40 [ERROR] Failed to find or download via Export button.
2026-04-12 16:46:40 [INFO] Browser successfully killed to free memory. Run complete.

2026-04-12 16:54:01 [INFO] --- Started scheduled run. Sleeping for 50 seconds (Jitter) ---
2026-04-12 16:54:51 [INFO] Initializing browser...
2026-04-12 16:54:51 [INFO] patching driver executable /home/joao-martins/.local/share/undetected_chromedriver/undetected_chromedriver
2026-04-12 16:54:52 [INFO] 1. Navigating to Mobi.E map...
2026-04-12 16:55:08 [INFO] 2. Clicking 'Postos' tab...
2026-04-12 16:55:13 [INFO] 3. Clicking 'Limpar filtros'...
2026-04-12 16:55:18 [INFO] 3.5. Zooming out 2 times...
2026-04-12 16:55:22 [INFO] Waiting 10s for map bounds to completely stabilize...
2026-04-12 16:55:32 [INFO] 4. Clicking 'Filtrar'...
2026-04-12 16:55:32 [INFO] Waiting 20s for stations API request to finish...
2026-04-12 16:55:53 [INFO] Status API text: Foram encontrados 0 postos e 0 tomadas
2026-04-12 16:55:53 [INFO] 5. Looking for the Export button...
2026-04-12 16:55:53 [ERROR] Failed to find or download via Export button.
2026-04-12 16:55:53 [INFO] Browser successfully killed to free memory. Run complete.

2026-04-12 17:00:01 [INFO] --- Started scheduled run. Sleeping for 48 seconds (Jitter) ---
2026-04-12 17:00:49 [INFO] Initializing browser...
2026-04-12 17:00:50 [INFO] patching driver executable /home/joao-martins/.local/share/undetected_chromedriver/undetected_chromedriver
2026-04-12 17:00:50 [INFO] 1. Navigating to Mobi.E map...
2026-04-12 17:01:07 [INFO] 2. Clicking 'Postos' tab...
2026-04-12 17:01:12 [INFO] 3. Clicking 'Limpar filtros'...
2026-04-12 17:01:17 [INFO] 3.5. Zooming out 2 times...
2026-04-12 17:01:21 [INFO] Waiting 10s for map bounds to completely stabilize...
2026-04-12 17:01:31 [INFO] 4. Clicking 'Filtrar'...
2026-04-12 17:01:31 [INFO] Waiting 20s for stations API request to finish...
2026-04-12 17:01:51 [INFO] Status API text: Foram encontrados 7487 postos e 15858 tomadas
2026-04-12 17:01:51 [INFO] 5. Looking for the Export button...
2026-04-12 17:01:51 [INFO] Found blob href. Executing direct JS fetch...
2026-04-12 17:01:52 [INFO] SUCCESS! Saved 20260412_160152Z.csv (3646.91 KB)
2026-04-12 17:01:52 [INFO] Browser successfully killed to free memory. Run complete.

2026-04-12 17:09:01 [INFO] --- Started scheduled run. Sleeping for 51 seconds (Jitter) ---
2026-04-12 17:09:52 [INFO] Initializing browser...
2026-04-12 17:09:53 [INFO] patching driver executable /home/joao-martins/.local/share/undetected_chromedriver/undetected_chromedriver
2026-04-12 17:09:53 [INFO] 1. Navigating to Mobi.E map...
2026-04-12 17:10:10 [INFO] 2. Clicking 'Postos' tab...
2026-04-12 17:10:15 [INFO] 3. Clicking 'Limpar filtros'...
2026-04-12 17:10:20 [INFO] 3.5. Zooming out 2 times...
2026-04-12 17:10:24 [INFO] Waiting 10s for map bounds to completely stabilize...
2026-04-12 17:10:34 [INFO] 4. Clicking 'Filtrar'...
2026-04-12 17:10:34 [INFO] Waiting 20s for stations API request to finish...
2026-04-12 17:10:54 [INFO] Status API text: Foram encontrados 0 postos e 0 tomadas
2026-04-12 17:10:54 [INFO] 5. Looking for the Export button...
2026-04-12 17:10:54 [ERROR] Failed to find or download via Export button.
2026-04-12 17:10:54 [INFO] Browser successfully killed to free memory. Run complete.

2026-04-12 17:18:01 [INFO] --- Started scheduled run. Sleeping for 39 seconds (Jitter) ---
2026-04-12 17:18:40 [INFO] Initializing browser...
2026-04-12 17:18:41 [INFO] patching driver executable /home/joao-martins/.local/share/undetected_chromedriver/undetected_chromedriver
2026-04-12 17:18:41 [INFO] 1. Navigating to Mobi.E map...
2026-04-12 17:18:58 [INFO] 2. Clicking 'Postos' tab...
2026-04-12 17:19:03 [INFO] 3. Clicking 'Limpar filtros'...
2026-04-12 17:19:08 [INFO] 3.5. Zooming out 2 times...
2026-04-12 17:19:12 [INFO] Waiting 10s for map bounds to completely stabilize...
2026-04-12 17:19:22 [INFO] 4. Clicking 'Filtrar'...
2026-04-12 17:19:22 [INFO] Waiting 20s for stations API request to finish...
2026-04-12 17:19:42 [INFO] Status API text: Foram encontrados 0 postos e 0 tomadas
2026-04-12 17:19:42 [INFO] 5. Looking for the Export button...
2026-04-12 17:19:42 [ERROR] Failed to find or download via Export button.
2026-04-12 17:19:42 [INFO] Browser successfully killed to free memory. Run complete.

2026-04-12 17:27:01 [INFO] --- Started scheduled run. Sleeping for 60 seconds (Jitter) ---
2026-04-12 17:28:01 [INFO] Initializing browser...
2026-04-12 17:28:02 [INFO] patching driver executable /home/joao-martins/.local/share/undetected_chromedriver/undetected_chromedriver
2026-04-12 17:28:02 [INFO] 1. Navigating to Mobi.E map...
2026-04-12 17:28:19 [INFO] 2. Clicking 'Postos' tab...
2026-04-12 17:28:24 [INFO] 3. Clicking 'Limpar filtros'...
2026-04-12 17:28:29 [INFO] 3.5. Zooming out 2 times...
2026-04-12 17:28:33 [INFO] Waiting 10s for map bounds to completely stabilize...
2026-04-12 17:28:43 [INFO] 4. Clicking 'Filtrar'...
2026-04-12 17:28:43 [INFO] Waiting 20s for stations API request to finish...
2026-04-12 17:29:03 [INFO] Status API text: Foram encontrados 0 postos e 0 tomadas
2026-04-12 17:29:03 [INFO] 5. Looking for the Export button...
2026-04-12 17:29:03 [ERROR] Failed to find or download via Export button.
2026-04-12 17:29:03 [INFO] Browser successfully killed to free memory. Run complete.

2026-04-12 17:36:01 [INFO] --- Started scheduled run. Sleeping for 24 seconds (Jitter) ---
2026-04-12 17:36:25 [INFO] Initializing browser...
2026-04-12 17:36:26 [INFO] patching driver executable /home/joao-martins/.local/share/undetected_chromedriver/undetected_chromedriver
2026-04-12 17:36:26 [INFO] 1. Navigating to Mobi.E map...
2026-04-12 17:36:43 [INFO] 2. Clicking 'Postos' tab...
2026-04-12 17:36:48 [INFO] 3. Clicking 'Limpar filtros'...
2026-04-12 17:36:53 [INFO] 3.5. Zooming out 2 times...
2026-04-12 17:36:57 [INFO] Waiting 10s for map bounds to completely stabilize...
2026-04-12 17:37:07 [INFO] 4. Clicking 'Filtrar'...
2026-04-12 17:37:07 [INFO] Waiting 20s for stations API request to finish...
2026-04-12 17:37:27 [INFO] Status API text: Foram encontrados 0 postos e 0 tomadas
2026-04-12 17:37:27 [INFO] 5. Looking for the Export button...
2026-04-12 17:37:27 [ERROR] Failed to find or download via Export button.
2026-04-12 17:37:27 [INFO] Browser successfully killed to free memory. Run complete.

2026-04-12 17:45:01 [INFO] --- Started scheduled run. Sleeping for 26 seconds (Jitter) ---
2026-04-12 17:45:27 [INFO] Initializing browser...
2026-04-12 17:45:28 [INFO] patching driver executable /home/joao-martins/.local/share/undetected_chromedriver/undetected_chromedriver
2026-04-12 17:45:28 [INFO] 1. Navigating to Mobi.E map...
2026-04-12 17:45:45 [INFO] 2. Clicking 'Postos' tab...
2026-04-12 17:45:50 [INFO] 3. Clicking 'Limpar filtros'...
2026-04-12 17:45:56 [INFO] 3.5. Zooming out 2 times...
2026-04-12 17:46:00 [INFO] Waiting 10s for map bounds to completely stabilize...
2026-04-12 17:46:10 [INFO] 4. Clicking 'Filtrar'...
2026-04-12 17:46:10 [INFO] Waiting 20s for stations API request to finish...
2026-04-12 17:46:30 [INFO] Status API text: Foram encontrados 0 postos e 0 tomadas
2026-04-12 17:46:30 [INFO] 5. Looking for the Export button...
2026-04-12 17:46:30 [ERROR] Failed to find or download via Export button.
2026-04-12 17:46:30 [INFO] Browser successfully killed to free memory. Run complete.

2026-04-12 17:54:01 [INFO] --- Started scheduled run. Sleeping for 29 seconds (Jitter) ---
2026-04-12 17:54:30 [INFO] Initializing browser...
2026-04-12 17:54:31 [INFO] patching driver executable /home/joao-martins/.local/share/undetected_chromedriver/undetected_chromedriver
2026-04-12 17:54:31 [INFO] 1. Navigating to Mobi.E map...
2026-04-12 17:54:48 [INFO] 2. Clicking 'Postos' tab...
2026-04-12 17:54:53 [INFO] 3. Clicking 'Limpar filtros'...
2026-04-12 17:54:58 [INFO] 3.5. Zooming out 2 times...
2026-04-12 17:55:03 [INFO] Waiting 10s for map bounds to completely stabilize...
2026-04-12 17:55:13 [INFO] 4. Clicking 'Filtrar'...
2026-04-12 17:55:13 [INFO] Waiting 20s for stations API request to finish...
2026-04-12 17:55:33 [INFO] Status API text: Foram encontrados 0 postos e 0 tomadas
2026-04-12 17:55:33 [INFO] 5. Looking for the Export button...
2026-04-12 17:55:33 [ERROR] Failed to find or download via Export button.
2026-04-12 17:55:33 [INFO] Browser successfully killed to free memory. Run complete.

2026-04-12 18:00:01 [INFO] --- Started scheduled run. Sleeping for 47 seconds (Jitter) ---
2026-04-12 18:00:48 [INFO] Initializing browser...
2026-04-12 18:00:49 [INFO] patching driver executable /home/joao-martins/.local/share/undetected_chromedriver/undetected_chromedriver
2026-04-12 18:00:49 [INFO] 1. Navigating to Mobi.E map...
2026-04-12 18:01:06 [INFO] 2. Clicking 'Postos' tab...
2026-04-12 18:01:11 [INFO] 3. Clicking 'Limpar filtros'...
2026-04-12 18:01:17 [INFO] 3.5. Zooming out 2 times...
2026-04-12 18:01:21 [INFO] Waiting 10s for map bounds to completely stabilize...
2026-04-12 18:01:31 [INFO] 4. Clicking 'Filtrar'...
2026-04-12 18:01:31 [INFO] Waiting 20s for stations API request to finish...
2026-04-12 18:01:51 [INFO] Status API text: Foram encontrados 7491 postos e 15868 tomadas
2026-04-12 18:01:51 [INFO] 5. Looking for the Export button...
2026-04-12 18:01:51 [INFO] Found blob href. Executing direct JS fetch...
2026-04-12 18:01:51 [INFO] SUCCESS! Saved 20260412_170151Z.csv (3649.73 KB)
2026-04-12 18:01:51 [INFO] Browser successfully killed to free memory. Run complete.

2026-04-12 18:09:01 [INFO] --- Started scheduled run. Sleeping for 22 seconds (Jitter) ---
2026-04-12 18:09:23 [INFO] Initializing browser...
2026-04-12 18:09:24 [INFO] patching driver executable /home/joao-martins/.local/share/undetected_chromedriver/undetected_chromedriver
2026-04-12 18:09:24 [INFO] 1. Navigating to Mobi.E map...
2026-04-12 18:09:41 [INFO] 2. Clicking 'Postos' tab...
2026-04-12 18:09:46 [INFO] 3. Clicking 'Limpar filtros'...
2026-04-12 18:09:51 [INFO] 3.5. Zooming out 2 times...
2026-04-12 18:09:55 [INFO] Waiting 10s for map bounds to completely stabilize...
2026-04-12 18:10:05 [INFO] 4. Clicking 'Filtrar'...
2026-04-12 18:10:05 [INFO] Waiting 20s for stations API request to finish...
2026-04-12 18:10:25 [INFO] Status API text: Foram encontrados 0 postos e 0 tomadas
2026-04-12 18:10:25 [INFO] 5. Looking for the Export button...
2026-04-12 18:10:25 [ERROR] Failed to find or download via Export button.
2026-04-12 18:10:25 [INFO] Browser successfully killed to free memory. Run complete.

2026-04-12 18:18:01 [INFO] --- Started scheduled run. Sleeping for 48 seconds (Jitter) ---
2026-04-12 18:18:49 [INFO] Initializing browser...
2026-04-12 18:18:50 [INFO] patching driver executable /home/joao-martins/.local/share/undetected_chromedriver/undetected_chromedriver
2026-04-12 18:18:50 [INFO] 1. Navigating to Mobi.E map...
2026-04-12 18:19:07 [INFO] 2. Clicking 'Postos' tab...
2026-04-12 18:19:12 [INFO] 3. Clicking 'Limpar filtros'...
2026-04-12 18:19:17 [INFO] 3.5. Zooming out 2 times...
2026-04-12 18:19:21 [INFO] Waiting 10s for map bounds to completely stabilize...
2026-04-12 18:19:31 [INFO] 4. Clicking 'Filtrar'...
2026-04-12 18:19:31 [INFO] Waiting 20s for stations API request to finish...
2026-04-12 18:19:51 [INFO] Status API text: Foram encontrados 0 postos e 0 tomadas
2026-04-12 18:19:51 [INFO] 5. Looking for the Export button...
2026-04-12 18:19:51 [ERROR] Failed to find or download via Export button.
2026-04-12 18:19:51 [INFO] Browser successfully killed to free memory. Run complete.

2026-04-12 18:27:01 [INFO] --- Started scheduled run. Sleeping for 40 seconds (Jitter) ---
2026-04-12 18:27:41 [INFO] Initializing browser...
2026-04-12 18:27:42 [INFO] patching driver executable /home/joao-martins/.local/share/undetected_chromedriver/undetected_chromedriver
2026-04-12 18:27:42 [INFO] 1. Navigating to Mobi.E map...
2026-04-12 18:28:00 [INFO] 2. Clicking 'Postos' tab...
2026-04-12 18:28:05 [INFO] 3. Clicking 'Limpar filtros'...
2026-04-12 18:28:10 [INFO] 3.5. Zooming out 2 times...
2026-04-12 18:28:14 [INFO] Waiting 10s for map bounds to completely stabilize...
2026-04-12 18:28:24 [INFO] 4. Clicking 'Filtrar'...
2026-04-12 18:28:24 [INFO] Waiting 20s for stations API request to finish...
2026-04-12 18:28:44 [INFO] Status API text: Foram encontrados 0 postos e 0 tomadas
2026-04-12 18:28:44 [INFO] 5. Looking for the Export button...
2026-04-12 18:28:44 [ERROR] Failed to find or download via Export button.
2026-04-12 18:28:44 [INFO] Browser successfully killed to free memory. Run complete.

2026-04-12 18:36:02 [INFO] --- Started scheduled run. Sleeping for 60 seconds (Jitter) ---
2026-04-12 18:37:02 [INFO] Initializing browser...
2026-04-12 18:37:02 [INFO] patching driver executable /home/joao-martins/.local/share/undetected_chromedriver/undetected_chromedriver
2026-04-12 18:37:03 [INFO] 1. Navigating to Mobi.E map...
2026-04-12 18:37:20 [INFO] 2. Clicking 'Postos' tab...
2026-04-12 18:37:25 [INFO] 3. Clicking 'Limpar filtros'...
2026-04-12 18:37:30 [INFO] 3.5. Zooming out 2 times...
2026-04-12 18:37:34 [INFO] Waiting 10s for map bounds to completely stabilize...
2026-04-12 18:37:44 [INFO] 4. Clicking 'Filtrar'...
2026-04-12 18:37:44 [INFO] Waiting 20s for stations API request to finish...
2026-04-12 18:38:04 [INFO] Status API text: Foram encontrados 0 postos e 0 tomadas
2026-04-12 18:38:04 [INFO] 5. Looking for the Export button...
2026-04-12 18:38:04 [ERROR] Failed to find or download via Export button.
2026-04-12 18:38:04 [INFO] Browser successfully killed to free memory. Run complete.

2026-04-12 18:45:01 [INFO] --- Started scheduled run. Sleeping for 6 seconds (Jitter) ---
2026-04-12 18:45:07 [INFO] Initializing browser...
2026-04-12 18:45:07 [INFO] patching driver executable /home/joao-martins/.local/share/undetected_chromedriver/undetected_chromedriver
2026-04-12 18:45:08 [INFO] 1. Navigating to Mobi.E map...
2026-04-12 18:45:25 [INFO] 2. Clicking 'Postos' tab...
2026-04-12 18:45:30 [INFO] 3. Clicking 'Limpar filtros'...
2026-04-12 18:45:35 [INFO] 3.5. Zooming out 2 times...
2026-04-12 18:45:39 [INFO] Waiting 10s for map bounds to completely stabilize...
2026-04-12 18:45:49 [INFO] 4. Clicking 'Filtrar'...
2026-04-12 18:45:49 [INFO] Waiting 20s for stations API request to finish...
2026-04-12 18:46:09 [INFO] Status API text: Foram encontrados 7493 postos e 15876 tomadas
2026-04-12 18:46:09 [INFO] 5. Looking for the Export button...
2026-04-12 18:46:09 [INFO] Found blob href. Executing direct JS fetch...
2026-04-12 18:46:09 [INFO] SUCCESS! Saved 20260412_174609Z.csv (3651.53 KB)
2026-04-12 18:46:10 [INFO] Browser successfully killed to free memory. Run complete.

2026-04-12 18:54:01 [INFO] --- Started scheduled run. Sleeping for 17 seconds (Jitter) ---
2026-04-12 18:54:18 [INFO] Initializing browser...
2026-04-12 18:54:19 [INFO] patching driver executable /home/joao-martins/.local/share/undetected_chromedriver/undetected_chromedriver
2026-04-12 18:54:20 [INFO] 1. Navigating to Mobi.E map...
2026-04-12 18:54:37 [INFO] 2. Clicking 'Postos' tab...
2026-04-12 18:54:42 [INFO] 3. Clicking 'Limpar filtros'...
2026-04-12 18:54:47 [INFO] 3.5. Zooming out 2 times...
2026-04-12 18:54:51 [INFO] Waiting 10s for map bounds to completely stabilize...
2026-04-12 18:55:01 [INFO] 4. Clicking 'Filtrar'...
2026-04-12 18:55:01 [INFO] Waiting 20s for stations API request to finish...
2026-04-12 18:55:21 [INFO] Status API text: Foram encontrados 7494 postos e 15878 tomadas
2026-04-12 18:55:21 [INFO] 5. Looking for the Export button...
2026-04-12 18:55:21 [INFO] Found blob href. Executing direct JS fetch...
2026-04-12 18:55:21 [INFO] SUCCESS! Saved 20260412_175521Z.csv (3652.18 KB)
2026-04-12 18:55:21 [INFO] Browser successfully killed to free memory. Run complete.

2026-04-12 19:00:01 [INFO] --- Started scheduled run. Sleeping for 52 seconds (Jitter) ---
2026-04-12 19:00:53 [INFO] Initializing browser...
2026-04-12 19:00:54 [INFO] patching driver executable /home/joao-martins/.local/share/undetected_chromedriver/undetected_chromedriver
2026-04-12 19:00:55 [INFO] 1. Navigating to Mobi.E map...
2026-04-12 19:01:12 [INFO] 2. Clicking 'Postos' tab...
2026-04-12 19:01:17 [INFO] 3. Clicking 'Limpar filtros'...
2026-04-12 19:01:22 [INFO] 3.5. Zooming out 2 times...
2026-04-12 19:01:26 [INFO] Waiting 10s for map bounds to completely stabilize...
2026-04-12 19:01:36 [INFO] 4. Clicking 'Filtrar'...
2026-04-12 19:01:36 [INFO] Waiting 20s for stations API request to finish...
2026-04-12 19:01:56 [INFO] Status API text: Foram encontrados 0 postos e 0 tomadas
2026-04-12 19:01:56 [INFO] 5. Looking for the Export button...
2026-04-12 19:01:56 [ERROR] Failed to find or download via Export button.
2026-04-12 19:01:56 [INFO] Browser successfully killed to free memory. Run complete.

2026-04-12 19:09:01 [INFO] --- Started scheduled run. Sleeping for 47 seconds (Jitter) ---
2026-04-12 19:09:48 [INFO] Initializing browser...
2026-04-12 19:09:49 [INFO] patching driver executable /home/joao-martins/.local/share/undetected_chromedriver/undetected_chromedriver
2026-04-12 19:09:49 [INFO] 1. Navigating to Mobi.E map...
2026-04-12 19:10:06 [INFO] 2. Clicking 'Postos' tab...
2026-04-12 19:10:11 [INFO] 3. Clicking 'Limpar filtros'...
2026-04-12 19:10:16 [INFO] 3.5. Zooming out 2 times...
2026-04-12 19:10:20 [INFO] Waiting 10s for map bounds to completely stabilize...
2026-04-12 19:10:30 [INFO] 4. Clicking 'Filtrar'...
2026-04-12 19:10:30 [INFO] Waiting 20s for stations API request to finish...
2026-04-12 19:10:50 [INFO] Status API text: Foram encontrados 7494 postos e 15879 tomadas
2026-04-12 19:10:50 [INFO] 5. Looking for the Export button...
2026-04-12 19:10:50 [INFO] Found blob href. Executing direct JS fetch...
2026-04-12 19:10:51 [INFO] SUCCESS! Saved 20260412_181051Z.csv (3652.70 KB)
2026-04-12 19:10:51 [INFO] Browser successfully killed to free memory. Run complete.

2026-04-12 19:18:01 [INFO] --- Started scheduled run. Sleeping for 21 seconds (Jitter) ---
2026-04-12 19:18:22 [INFO] Initializing browser...
2026-04-12 19:18:22 [INFO] patching driver executable /home/joao-martins/.local/share/undetected_chromedriver/undetected_chromedriver
2026-04-12 19:18:23 [INFO] 1. Navigating to Mobi.E map...
2026-04-12 19:18:40 [INFO] 2. Clicking 'Postos' tab...
2026-04-12 19:18:45 [INFO] 3. Clicking 'Limpar filtros'...
2026-04-12 19:18:50 [INFO] 3.5. Zooming out 2 times...
2026-04-12 19:18:54 [INFO] Waiting 10s for map bounds to completely stabilize...
2026-04-12 19:19:04 [INFO] 4. Clicking 'Filtrar'...
2026-04-12 19:19:04 [INFO] Waiting 20s for stations API request to finish...
2026-04-12 19:19:24 [INFO] Status API text: Foram encontrados 0 postos e 0 tomadas
2026-04-12 19:19:24 [INFO] 5. Looking for the Export button...
2026-04-12 19:19:24 [ERROR] Failed to find or download via Export button.
2026-04-12 19:19:24 [INFO] Browser successfully killed to free memory. Run complete.

2026-04-12 19:27:01 [INFO] --- Started scheduled run. Sleeping for 36 seconds (Jitter) ---
2026-04-12 19:27:37 [INFO] Initializing browser...
2026-04-12 19:27:38 [INFO] patching driver executable /home/joao-martins/.local/share/undetected_chromedriver/undetected_chromedriver
2026-04-12 19:27:38 [INFO] 1. Navigating to Mobi.E map...
2026-04-12 19:27:55 [INFO] 2. Clicking 'Postos' tab...
2026-04-12 19:28:00 [INFO] 3. Clicking 'Limpar filtros'...
2026-04-12 19:28:06 [INFO] 3.5. Zooming out 2 times...
2026-04-12 19:28:10 [INFO] Waiting 10s for map bounds to completely stabilize...
2026-04-12 19:28:20 [INFO] 4. Clicking 'Filtrar'...
2026-04-12 19:28:20 [INFO] Waiting 20s for stations API request to finish...
2026-04-12 19:28:40 [INFO] Status API text: Foram encontrados 7489 postos e 15865 tomadas
2026-04-12 19:28:40 [INFO] 5. Looking for the Export button...
2026-04-12 19:28:40 [INFO] Found blob href. Executing direct JS fetch...
2026-04-12 19:28:40 [INFO] SUCCESS! Saved 20260412_182840Z.csv (3649.85 KB)
2026-04-12 19:28:40 [INFO] Browser successfully killed to free memory. Run complete.

2026-04-12 19:36:01 [INFO] --- Started scheduled run. Sleeping for 29 seconds (Jitter) ---
2026-04-12 19:36:30 [INFO] Initializing browser...
2026-04-12 19:36:31 [INFO] patching driver executable /home/joao-martins/.local/share/undetected_chromedriver/undetected_chromedriver
2026-04-12 19:36:32 [INFO] 1. Navigating to Mobi.E map...
2026-04-12 19:36:49 [INFO] 2. Clicking 'Postos' tab...
2026-04-12 19:36:54 [INFO] 3. Clicking 'Limpar filtros'...
2026-04-12 19:36:59 [INFO] 3.5. Zooming out 2 times...
2026-04-12 19:37:03 [INFO] Waiting 10s for map bounds to completely stabilize...
2026-04-12 19:37:13 [INFO] 4. Clicking 'Filtrar'...
2026-04-12 19:37:13 [INFO] Waiting 20s for stations API request to finish...
2026-04-12 19:37:33 [INFO] Status API text: Foram encontrados 0 postos e 0 tomadas
2026-04-12 19:37:33 [INFO] 5. Looking for the Export button...
2026-04-12 19:37:33 [ERROR] Failed to find or download via Export button.
2026-04-12 19:37:33 [INFO] Browser successfully killed to free memory. Run complete.

2026-04-12 19:45:01 [INFO] --- Started scheduled run. Sleeping for 43 seconds (Jitter) ---
2026-04-12 19:45:44 [INFO] Initializing browser...
2026-04-12 19:45:45 [INFO] patching driver executable /home/joao-martins/.local/share/undetected_chromedriver/undetected_chromedriver
2026-04-12 19:45:45 [INFO] 1. Navigating to Mobi.E map...
2026-04-12 19:46:02 [INFO] 2. Clicking 'Postos' tab...
2026-04-12 19:46:07 [INFO] 3. Clicking 'Limpar filtros'...
2026-04-12 19:46:12 [INFO] 3.5. Zooming out 2 times...
2026-04-12 19:46:16 [INFO] Waiting 10s for map bounds to completely stabilize...
2026-04-12 19:46:26 [INFO] 4. Clicking 'Filtrar'...
2026-04-12 19:46:26 [INFO] Waiting 20s for stations API request to finish...
2026-04-12 19:46:46 [INFO] Status API text: Foram encontrados 0 postos e 0 tomadas
2026-04-12 19:46:46 [INFO] 5. Looking for the Export button...
2026-04-12 19:46:46 [ERROR] Failed to find or download via Export button.
2026-04-12 19:46:46 [INFO] Browser successfully killed to free memory. Run complete.

2026-04-12 19:54:02 [INFO] --- Started scheduled run. Sleeping for 60 seconds (Jitter) ---
2026-04-12 19:55:02 [INFO] Initializing browser...
2026-04-12 19:55:02 [INFO] patching driver executable /home/joao-martins/.local/share/undetected_chromedriver/undetected_chromedriver
2026-04-12 19:55:03 [INFO] 1. Navigating to Mobi.E map...
2026-04-12 19:55:20 [INFO] 2. Clicking 'Postos' tab...
2026-04-12 19:55:25 [INFO] 3. Clicking 'Limpar filtros'...
2026-04-12 19:55:30 [INFO] 3.5. Zooming out 2 times...
2026-04-12 19:55:34 [INFO] Waiting 10s for map bounds to completely stabilize...
2026-04-12 19:55:44 [INFO] 4. Clicking 'Filtrar'...
2026-04-12 19:55:44 [INFO] Waiting 20s for stations API request to finish...
2026-04-12 19:56:04 [INFO] Status API text: Foram encontrados 7491 postos e 15869 tomadas
2026-04-12 19:56:04 [INFO] 5. Looking for the Export button...
2026-04-12 19:56:04 [INFO] Found blob href. Executing direct JS fetch...
2026-04-12 19:56:04 [INFO] SUCCESS! Saved 20260412_185604Z.csv (3651.35 KB)
2026-04-12 19:56:04 [INFO] Browser successfully killed to free memory. Run complete.

2026-04-12 20:00:01 [INFO] --- Started scheduled run. Sleeping for 13 seconds (Jitter) ---
2026-04-12 20:00:14 [INFO] Initializing browser...
2026-04-12 20:00:15 [INFO] patching driver executable /home/joao-martins/.local/share/undetected_chromedriver/undetected_chromedriver
2026-04-12 20:00:16 [INFO] 1. Navigating to Mobi.E map...
2026-04-12 20:00:33 [INFO] 2. Clicking 'Postos' tab...
2026-04-12 20:00:38 [INFO] 3. Clicking 'Limpar filtros'...
2026-04-12 20:00:43 [INFO] 3.5. Zooming out 2 times...
2026-04-12 20:00:47 [INFO] Waiting 10s for map bounds to completely stabilize...
2026-04-12 20:00:57 [INFO] 4. Clicking 'Filtrar'...
2026-04-12 20:00:57 [INFO] Waiting 20s for stations API request to finish...
2026-04-12 20:01:17 [INFO] Status API text: Foram encontrados 0 postos e 0 tomadas
2026-04-12 20:01:17 [INFO] 5. Looking for the Export button...
2026-04-12 20:01:17 [ERROR] Failed to find or download via Export button.
2026-04-12 20:01:17 [INFO] Browser successfully killed to free memory. Run complete.

2026-04-12 20:09:01 [INFO] --- Started scheduled run. Sleeping for 0 seconds (Jitter) ---
2026-04-12 20:09:01 [INFO] Initializing browser...
2026-04-12 20:09:02 [INFO] patching driver executable /home/joao-martins/.local/share/undetected_chromedriver/undetected_chromedriver
2026-04-12 20:09:02 [INFO] 1. Navigating to Mobi.E map...
2026-04-12 20:09:19 [INFO] 2. Clicking 'Postos' tab...
2026-04-12 20:09:24 [INFO] 3. Clicking 'Limpar filtros'...
2026-04-12 20:09:29 [INFO] 3.5. Zooming out 2 times...
2026-04-12 20:09:33 [INFO] Waiting 10s for map bounds to completely stabilize...
2026-04-12 20:09:43 [INFO] 4. Clicking 'Filtrar'...
2026-04-12 20:09:43 [INFO] Waiting 20s for stations API request to finish...
2026-04-12 20:10:03 [INFO] Status API text: Foram encontrados 0 postos e 0 tomadas
2026-04-12 20:10:03 [INFO] 5. Looking for the Export button...
2026-04-12 20:10:03 [ERROR] Failed to find or download via Export button.
2026-04-12 20:10:03 [INFO] Browser successfully killed to free memory. Run complete.

2026-04-12 20:18:01 [INFO] --- Started scheduled run. Sleeping for 50 seconds (Jitter) ---
2026-04-12 20:18:51 [INFO] Initializing browser...
2026-04-12 20:18:52 [INFO] patching driver executable /home/joao-martins/.local/share/undetected_chromedriver/undetected_chromedriver
2026-04-12 20:18:52 [INFO] 1. Navigating to Mobi.E map...
2026-04-12 20:19:09 [INFO] 2. Clicking 'Postos' tab...
2026-04-12 20:19:14 [INFO] 3. Clicking 'Limpar filtros'...
2026-04-12 20:19:19 [INFO] 3.5. Zooming out 2 times...
2026-04-12 20:19:24 [INFO] Waiting 10s for map bounds to completely stabilize...
2026-04-12 20:19:34 [INFO] 4. Clicking 'Filtrar'...
2026-04-12 20:19:34 [INFO] Waiting 20s for stations API request to finish...
2026-04-12 20:19:54 [INFO] Status API text: Foram encontrados 7496 postos e 15880 tomadas
2026-04-12 20:19:54 [INFO] 5. Looking for the Export button...
2026-04-12 20:19:54 [INFO] Found blob href. Executing direct JS fetch...
2026-04-12 20:19:54 [INFO] SUCCESS! Saved 20260412_191954Z.csv (3654.69 KB)
2026-04-12 20:19:54 [INFO] Browser successfully killed to free memory. Run complete.

